/*---------------------------------------------POBLAR_OK---------------------------------------------*/

/*--------------------------------Customer-------------------------------*/

INSERT INTO Customer(CustomerID, NameStyle, Title, FirstName, MiddleName, LastName, Suffix_S, CompanyName, SalesPerson, EmailAddress, Phone, PasswordHash, PasswordSalt)
VALUES(1, 0, 'Mr.', 'Orlando', 'N.', 'Gee', 'NULL', 'A Bike Store', 'adventure-workspamela0', 'orlando0@adventure-works.com', '245-555-0173', 'L/Rlwxzp4w7RWmEgXX+/A7cXaePEPcp+KwQhl2fJL7w=', '1KjXYs4=');

INSERT INTO Customer(CustomerID, NameStyle, Title, FirstName, MiddleName, LastName, Suffix_S, CompanyName, SalesPerson, EmailAddress, Phone, PasswordHash, PasswordSalt)
VALUES(2, 0, 'Mr.', 'Keith', 'NULL', 'Harris', 'NULL', 'Progressive Sports', 'adventure-worksdavid8', 'keith0@adventure-works.com', '170-555-0127', 'YPdtRdvqeAhj6wyxEsFdshBDNXxkCXn+CRgbvJItknw=', 'fs1ZGhY=');

INSERT INTO Customer(CustomerID, NameStyle, Title, FirstName, MiddleName, LastName, Suffix_S, CompanyName, SalesPerson, EmailAddress, Phone, PasswordHash, PasswordSalt)
VALUES(3, 0, 'Ms.', 'Donna', 'F.', 'Carreras', 'NULL', 'Advanced Bike Components', 'adventure-worksjillian0', 'donna0@adventure-works.com', '279-555-0130', 'LNoK27abGQo48gGue3EBV/UrlYSToV0/s87dCRV7uJk=', 'YTNH5Rw=');

INSERT INTO Customer(CustomerID, NameStyle, Title, FirstName, MiddleName, LastName, Suffix_S, CompanyName, SalesPerson, EmailAddress, Phone, PasswordHash, PasswordSalt)
VALUES(4, 0, 'Ms.', 'Janet', 'M.', 'Gates', 'NULL', 'Modular Cycle Systems', 'adventure-worksjillian0', 'janet1@adventure-works.com', '710-555-0173', 'ElzTpSNbUW1Ut+L5cWlfR7MF6nBZia8WpmGaQPjLOJA=', 'nm7D5e4=');

INSERT INTO Customer(CustomerID, NameStyle, Title, FirstName, MiddleName, LastName, Suffix_S, CompanyName, SalesPerson, EmailAddress, Phone, PasswordHash, PasswordSalt)
VALUES(5, 0, 'Mr.', 'Lucy', 'NULL', 'Harrington', 'NULL', 'Metropolitan Sports Supply', 'adventure-worksshu0', 'lucy0@adventure-works.com', '828-555-0186', 'KJqV15wsX3PG8TS5GSddp6LFFVdd3CoRftZM/tP0+R4=', 'cNFKU4w=');

INSERT INTO Customer(CustomerID, NameStyle, Title, FirstName, MiddleName, LastName, Suffix_S, CompanyName, SalesPerson, EmailAddress, Phone, PasswordHash, PasswordSalt)
VALUES(6, 0, 'Ms.', 'Rosmarie', 'J.', 'Carroll', 'NULL', 'Aerobic Exercise Company', 'adventure-workslinda3', 'rosmarie0@adventure-works.com', '244-555-0112', 'OKT0scizCdIzymHHOtyJKQiC/fCILSooSZ8dQ2Y34VM=', 'ihWf50M=');

INSERT INTO Customer(CustomerID, NameStyle, Title, FirstName, MiddleName, LastName, Suffix_S, CompanyName, SalesPerson, EmailAddress, Phone, PasswordHash, PasswordSalt)
VALUES(7, 0, 'Mr.', 'Dominic', 'P.', 'Gash', 'NULL', 'Associated Bikes', 'adventure-worksshu0', 'dominic0@adventure-works.com', '192-555-0173', 'ZccoP/jZGQm+Xpzc7RKwDhS11YFNybwcPVRYTSNcnSg=', 'sPoUBSQ=');

INSERT INTO Customer(CustomerID, NameStyle, Title, FirstName, MiddleName, LastName, Suffix_S, CompanyName, SalesPerson, EmailAddress, Phone, PasswordHash, PasswordSalt)
VALUES(10, 0, 'Ms.', 'Kathleen', 'M.', 'Garza', 'NULL', 'Rural Cycle Emporium', 'adventure-worksjose1', 'kathleen0@adventure-works.com', '150-555-0127', 'Qa3aMCxNbVLGrc0b99KsbQqiVgwYDfHcsK9GZSUxcTM=', 'Ls05W3g=');

INSERT INTO Customer(CustomerID, NameStyle, Title, FirstName, MiddleName, LastName, Suffix_S, CompanyName, SalesPerson, EmailAddress, Phone, PasswordHash, PasswordSalt)
VALUES(11, 0, 'Ms.', 'Katherine', 'NULL', 'Harding', 'NULL', 'Sharp Bikes', 'adventure-worksjose1', 'katherine0@adventure-works.com', '926-555-0159', 'uRlorVzDGNJIX9I+ehTlRK+liT4UKRgWhApJgUMC2d4=', 'jpHKbqE=');

INSERT INTO Customer(CustomerID, NameStyle, Title, FirstName, MiddleName, LastName, Suffix_S, CompanyName, SalesPerson, EmailAddress, Phone, PasswordHash, PasswordSalt)
VALUES(12, 0, 'Mr.', 'Johnny', 'A.', 'Caprio', 'Jr.', 'Bikes and Motorbikes', 'adventure-worksgarrett1', 'johnny0@adventure-works.com', '112-555-0191', 'jtF9jBoFYeJTaET7x+eJDkd7BzMz15Wo9odbGPBaIak=', 'wVLnvHo=');

INSERT INTO Customer(CustomerID, NameStyle, Title, FirstName, MiddleName, LastName, Suffix_S, CompanyName, SalesPerson, EmailAddress, Phone, PasswordHash, PasswordSalt)
VALUES(16, 0, 'Mr.', 'Christopher', 'R.', 'Beck', 'Jr.', 'Bulk Discount Store', 'adventure-worksjae0', 'christopher1@adventure-works.com', '1 (11) 500 555-0132', 'sKt9daCzEEKWAzivEGPOp8tmaM1R3I+aJfcBjzJRFLo=', '8KfYx/4=');

INSERT INTO Customer(CustomerID, NameStyle, Title, FirstName, MiddleName, LastName, Suffix_S, CompanyName, SalesPerson, EmailAddress, Phone, PasswordHash, PasswordSalt)
VALUES(18, 0, 'Mr.', 'David', 'J.', 'Liu', 'NULL', 'Catalog Store', 'adventure-worksmichael9', 'david20@adventure-works.com', '440-555-0132', '61zeTkO+eI5g8GG0swny8Wp/6GzZMFnT71fnW4lTHNY=', 'c7Ttvv0=');

INSERT INTO Customer(CustomerID, NameStyle, Title, FirstName, MiddleName, LastName, Suffix_S, CompanyName, SalesPerson, EmailAddress, Phone, PasswordHash, PasswordSalt)
VALUES(19, 0, 'Mr.', 'John', 'A.', 'Beaver', 'NULL', 'Center Cycle Shop', 'adventure-workspamela0', 'john8@adventure-works.com', '521-555-0195', 'DzbqWX7B3EK5Dub92CKHYSUGKGbZCbrcVDpVe/xyBeI=', 'zXNgrJw=');

INSERT INTO Customer(CustomerID, NameStyle, Title, FirstName, MiddleName, LastName, Suffix_S, CompanyName, SalesPerson, EmailAddress, Phone, PasswordHash, PasswordSalt)
VALUES(20, 0, 'Ms.', 'Jean', 'P.', 'Handley', 'NULL', 'Central Discount Store', 'adventure-worksdavid8', 'jean1@adventure-works.com', '582-555-0113', 'o1GVo3vExeNzo0/ctdRGf2eDK3uzTlcUbr18tN+Slf8=', 'uMsvfdo=');

INSERT INTO Customer(CustomerID, NameStyle, Title, FirstName, MiddleName, LastName, Suffix_S, CompanyName, SalesPerson, EmailAddress, Phone, PasswordHash, PasswordSalt)
VALUES(21, 0, 'NULL', 'Jinghao', 'NULL', 'Liu', 'NULL', 'Chic Department Stores', 'adventure-worksjillian0', 'jinghao1@adventure-works.com', '928-555-0116', 'IaD5AeqK9mRiIrJi/etZGVO6EiybLf/oksA2CqrpoJ0=', 'p6pOqKc=');

INSERT INTO Customer(CustomerID, NameStyle, Title, FirstName, MiddleName, LastName, Suffix_S, CompanyName, SalesPerson, EmailAddress, Phone, PasswordHash, PasswordSalt)
VALUES(22, 0, 'Ms.', 'Linda', 'E.', 'Burnett', 'NULL', 'Travel Systems', 'adventure-worksjillian0', 'linda4@adventure-works.com', '121-555-0121', '23AwhujCoXYSPiN/B+G8Z9rk36xl35EbdLT7akTMTqU=', 'SmyIPjE=');

INSERT INTO Customer(CustomerID, NameStyle, Title, FirstName, MiddleName, LastName, Suffix_S, CompanyName, SalesPerson, EmailAddress, Phone, PasswordHash, PasswordSalt)
VALUES(23, 0, 'Mr.', 'Kerim', 'NULL', 'Hanif', 'NULL', 'Bike World', 'adventure-worksshu0', 'kerim0@adventure-works.com', '216-555-0122', 'd0WSjosAd7Y3XOWjNAkoTClCb50vwPuAawOSI1iosgs=', '33g5co8=');

INSERT INTO Customer(CustomerID, NameStyle, Title, FirstName, MiddleName, LastName, Suffix_S, CompanyName, SalesPerson, EmailAddress, Phone, PasswordHash, PasswordSalt)
VALUES(24, 0, 'Mr.', 'Kevin', 'NULL', 'Liu', 'NULL', 'Eastside Department Store', 'adventure-workslinda3', 'kevin5@adventure-works.com', '926-555-0164', 'ylTpkIOHKLcjihNjS0j/k10eOHOsWQMNhlbuOCp+UTY=', 'TgZnUOg=');

INSERT INTO Customer(CustomerID, NameStyle, Title, FirstName, MiddleName, LastName, Suffix_S, CompanyName, SalesPerson, EmailAddress, Phone, PasswordHash, PasswordSalt)
VALUES(25, 0, 'Mr.', 'Donald', 'L.', 'Blanton', 'NULL', 'Coalition Bike Company', 'adventure-worksshu0', 'donald0@adventure-works.com', '357-555-0161', 'pKYDelLBOZMO98GBzhMxBSzzE0gUYKx9dXzYTYNuBgw=', 'jKtOaOw=');

INSERT INTO Customer(CustomerID, NameStyle, Title, FirstName, MiddleName, LastName, Suffix_S, CompanyName, SalesPerson, EmailAddress, Phone, PasswordHash, PasswordSalt)
VALUES(28, 0, 'Ms.', 'Jackie', 'E.', 'Blackwell', 'NULL', 'Commuter Bicycle Store', 'adventure-worksjose1', 'jackie0@adventure-works.com', '972-555-0163', 'wqhgKfOTfef4Zo3cb6FwsFzvG/yCVstuYh3AuwjRszQ=', 'SZ+r60o=');

/* INSERT QUERY NO: 21 */
INSERT INTO Customer(CustomerID, NameStyle, Title, FirstName, MiddleName, LastName, Suffix_S, CompanyName, SalesPerson, EmailAddress, Phone, PasswordHash, PasswordSalt)
VALUES
(
29, 0, 'Mr.', 'Bryan', 'NULL', 'Hamilton', 'NULL', 'Cross-Country Riding Supplies', 'adventure-worksjose1', 'bryan2@adventure-works.com', '344-555-0144', 'ftRWIIT4oF+if+ddn1ROYXHw6PAooKFX3uALZ0uEU98=', 'IRNPDIw='
);

INSERT INTO Customer(CustomerID, NameStyle, Title, FirstName, MiddleName, LastName, Suffix_S, CompanyName, SalesPerson, EmailAddress, Phone, PasswordHash, PasswordSalt)
VALUES
(
30, 0, 'Mr.', 'Todd', 'R.', 'Logan', 'NULL', 'Cycle Merchants', 'adventure-worksgarrett1', 'todd0@adventure-works.com', '783-555-0110', 'FV6z03ywMJOumcU+TEoL/Z/s4YP2fe8B3MJUUTA0CHU=', 'mFRhaEg='
);

INSERT INTO Customer(CustomerID, NameStyle, Title, FirstName, MiddleName, LastName, Suffix_S, CompanyName, SalesPerson, EmailAddress, Phone, PasswordHash, PasswordSalt)
VALUES
(
34, 0, 'Ms.', 'Barbara', 'J.', 'German', 'NULL', 'Cycles Wholesaler - Mfg.', 'adventure-worksjae0', 'barbara4@adventure-works.com', '1 (11) 500 555-0181', '2Pyd3S3Os61yt+lfSjMgSDNwT1LL4Qs51m1ob42We40=', 'Jvsxxrg='
);

INSERT INTO Customer(CustomerID, NameStyle, Title, FirstName, MiddleName, LastName, Suffix_S, CompanyName, SalesPerson, EmailAddress, Phone, PasswordHash, PasswordSalt)
VALUES
(
37, 0, 'Mr.', 'Jim', 'NULL', 'Geist', 'NULL', 'Two Bike Shops', 'adventure-workspamela0', 'jim1@adventure-works.com', '724-555-0161', 'cvqeC4fJcKwJ9jlluiWvK5/MyuSi8neLnjFDGdvzJy4=', 'ot8WcXk='
);

INSERT INTO Customer(CustomerID, NameStyle, Title, FirstName, MiddleName, LastName, Suffix_S, CompanyName, SalesPerson, EmailAddress, Phone, PasswordHash, PasswordSalt)
VALUES
(
38, 0, 'Ms.', 'Betty', 'M.', 'Haines', 'NULL', 'Finer Mart', 'adventure-worksdavid8', 'betty0@adventure-works.com', '867-555-0114', 'Q/nGAVzOO1ZT/4+BQ1kwltqQyzycLA2GGmDmBBxLMnM=', '6IvcbVg='
);

INSERT INTO Customer(CustomerID, NameStyle, Title, FirstName, MiddleName, LastName, Suffix_S, CompanyName, SalesPerson, EmailAddress, Phone, PasswordHash, PasswordSalt)
VALUES
(
39, 0, 'Ms.', 'Sharon', 'J.', 'Looney', 'NULL', 'Fitness Hotel', 'adventure-worksjillian0', 'sharon2@adventure-works.com', '377-555-0132', 'Uo3kAuNh936QfPTIfPt6I6Z3+olLMRu5IC5awuzDaG8=', 'uHgb0IU='
);

INSERT INTO Customer(CustomerID, NameStyle, Title, FirstName, MiddleName, LastName, Suffix_S, CompanyName, SalesPerson, EmailAddress, Phone, PasswordHash, PasswordSalt)
VALUES
(
40, 0, 'Mr.', 'Darren', 'NULL', 'Gehring', 'NULL', 'Journey Sporting Goods', 'adventure-worksjillian0', 'darren0@adventure-works.com', '417-555-0182', 'kqptixZ7LqTuOKcc7ylpabWrgWr5BDXa2fpkDxEwaCY=', 'Xe7grug='
);

INSERT INTO Customer(CustomerID, NameStyle, Title, FirstName, MiddleName, LastName, Suffix_S, CompanyName, SalesPerson, EmailAddress, Phone, PasswordHash, PasswordSalt)
VALUES
(
41, 0, 'Ms.', 'Erin', 'M.', 'Hagens', 'NULL', 'Distant Inn', 'adventure-worksshu0', 'erin1@adventure-works.com', '244-555-0127', '92Sfw/bl0dUJO9SAfoKn452VJcstSo2lgAbSPk97nRA=', '8soIcx8='
);

INSERT INTO Customer(CustomerID, NameStyle, Title, FirstName, MiddleName, LastName, Suffix_S, CompanyName, SalesPerson, EmailAddress, Phone, PasswordHash, PasswordSalt)
VALUES
(
42, 0, 'Mr.', 'Jeremy', 'NULL', 'Los', 'NULL', 'Healthy Activity Store', 'adventure-workslinda3', 'jeremy0@adventure-works.com', '911-555-0165', 'jLMkpmNutZFzWw7sSWZeqd91vtlRwaWx2Ub21mhsvlU=', 'JK9/WX8='
);

INSERT INTO Customer(CustomerID, NameStyle, Title, FirstName, MiddleName, LastName, Suffix_S, CompanyName, SalesPerson, EmailAddress, Phone, PasswordHash, PasswordSalt)
VALUES
(
43, 0, 'Ms.', 'Elsa', 'NULL', 'Leavitt', 'NULL', 'Frugal Bike Shop', 'adventure-worksshu0', 'elsa0@adventure-works.com', '482-555-0174', 'BmJaM+147GrhU00kNTtaTolp0EJcarJK/SCfew4ZiYA=', 'YADhpPo='
);

INSERT INTO Customer(CustomerID, NameStyle, Title, FirstName, MiddleName, LastName, Suffix_S, CompanyName, SalesPerson, EmailAddress, Phone, PasswordHash, PasswordSalt)
VALUES
(
46, 0, 'Mr.', 'David', 'O', 'Lawrence', 'NULL', 'Gear-Shift Bikes Limited', 'adventure-worksjose1', 'david19@adventure-works.com', '653-555-0159', 'HyZexVTTLfKfhx/Sb+XHQb4vta2LC1FD3OYIkpmzMlQ=', '/kc6RdY='
);

INSERT INTO Customer(CustomerID, NameStyle, Title, FirstName, MiddleName, LastName, Suffix_S, CompanyName, SalesPerson, EmailAddress, Phone, PasswordHash, PasswordSalt)
VALUES
(
47, 0, 'Ms.', 'Hattie', 'J.', 'Haemon', 'NULL', 'Greater Bike Store', 'adventure-worksjose1', 'hattie0@adventure-works.com', '141-555-0172', 'RLemw98UkhyklI9z6Kx01t3fpE6z6E9v5GdRReTdOIY=', '8n38uVg='
);

INSERT INTO Customer(CustomerID, NameStyle, Title, FirstName, MiddleName, LastName, Suffix_S, CompanyName, SalesPerson, EmailAddress, Phone, PasswordHash, PasswordSalt)
VALUES
(
48, 0, 'Ms.', 'Anita', 'R.', 'Lucerne', 'NULL', 'Grand Industries', 'adventure-worksgarrett1', 'anita0@adventure-works.com', '164-555-0118', 'YYTwMHBzX9ZM2XoYAzTo7bVfsHm05BO3Sl1+sokcRjM=', 'Zb6O1a0='
);

INSERT INTO Customer(CustomerID, NameStyle, Title, FirstName, MiddleName, LastName, Suffix_S, CompanyName, SalesPerson, EmailAddress, Phone, PasswordHash, PasswordSalt)
VALUES
(
52, 0, 'Ms.', 'Rebecca', 'NULL', 'Laszlo', 'NULL', 'Instruments and Parts Company', 'adventure-worksjae0', 'rebecca2@adventure-works.com', '1 (11) 500 555-0155', 'ox4SPBzzVPKyCVoIcZvkdVLtnQlKoDXCciBGcqVAfrI=', 'n7ydrrc='
);

INSERT INTO Customer(CustomerID, NameStyle, Title, FirstName, MiddleName, LastName, Suffix_S, CompanyName, SalesPerson, EmailAddress, Phone, PasswordHash, PasswordSalt)
VALUES
(
55, 0, 'Mr.', 'Eric', 'NULL', 'Lang', 'NULL', 'Kickstands and Accessories Company', 'adventure-workspamela0', 'eric6@adventure-works.com', '932-555-0163', 'katp5sn21ZqJq5Z26YRBk9XXP3iFjpsX7tNPYAAxZlI=', 'xw9RymE='
);

INSERT INTO Customer(CustomerID, NameStyle, Title, FirstName, MiddleName, LastName, Suffix_S, CompanyName, SalesPerson, EmailAddress, Phone, PasswordHash, PasswordSalt)
VALUES
(
56, 0, 'Mr.', 'Brian', 'NULL', 'Groth', 'NULL', 'Latest Accessories Sales', 'adventure-worksdavid8', 'brian5@adventure-works.com', '461-555-0118', 'tbk7TwAC5jsqEhFRRIhnL9kPBoTy3XS+EjlReKVp5mw=', 'hpOsvJU='
);

INSERT INTO Customer(CustomerID, NameStyle, Title, FirstName, MiddleName, LastName, Suffix_S, CompanyName, SalesPerson, EmailAddress, Phone, PasswordHash, PasswordSalt)
VALUES
(
57, 0, 'Ms.', 'Judy', 'R.', 'Lundahl', 'NULL', 'Leading Sales - Repair', 'adventure-worksjillian0', 'judy1@adventure-works.com', '260-555-0130', 'VzG/BDjkh2mMWAn2eZ/FQDI5/pGurtzdCfxTaCf6zAs=', 'N5Ajt+s='
);

INSERT INTO Customer(CustomerID, NameStyle, Title, FirstName, MiddleName, LastName, Suffix_S, CompanyName, SalesPerson, EmailAddress, Phone, PasswordHash, PasswordSalt)
VALUES
(
58, 0, 'Mr.', 'Peter', 'NULL', 'Kurniawan', 'NULL', 'Largest Bike Store', 'adventure-worksjillian0', 'peter4@adventure-works.com', '436-555-0160', 'el1s9e+hWeb+79bwrhU+hxHEyJN+j6tR8vWyKJDZmTs=', 'QgzjTPU='
);

INSERT INTO Customer(CustomerID, NameStyle, Title, FirstName, MiddleName, LastName, Suffix_S, CompanyName, SalesPerson, EmailAddress, Phone, PasswordHash, PasswordSalt)
VALUES
(
59, 0, 'Mr.', 'Douglas', 'NULL', 'Groncki', 'NULL', 'Locks Company', 'adventure-worksshu0', 'douglas2@adventure-works.com', '385-555-0140', 'J9nhrWh6kpc/dGBkN7HRxrrbquy1Rit9UMPv9rbYjBs=', 'KiAAI5M='
);

INSERT INTO Customer(CustomerID, NameStyle, Title, FirstName, MiddleName, LastName, Suffix_S, CompanyName, SalesPerson, EmailAddress, Phone, PasswordHash, PasswordSalt)
VALUES
(
60, 0, 'Mr.', 'Sean', 'J.', 'Lunt', 'NULL', 'Main Bicycle Services', 'adventure-workslinda3', 'sean4@adventure-works.com', '183-555-0111', 'NCIEHFdWOrgXFDd6SE817buY5XNWSBCQZlOsgOGIP2E=', 'eK6Wzw0='
);

INSERT INTO Customer(CustomerID, NameStyle, Title, FirstName, MiddleName, LastName, Suffix_S, CompanyName, SalesPerson, EmailAddress, Phone, PasswordHash, PasswordSalt)
VALUES
(
61, 0, 'Mr.', 'Jeffrey', 'NULL', 'Kurtz', 'NULL', 'Many Bikes Store', 'adventure-worksshu0', 'jeffrey3@adventure-works.com', '452-555-0179', 'zn3Nk0+i/zyvxFNh3OziN2Pxa3NfiIlVMJ9Ox86ytao=', '5MZXwF4='
);

INSERT INTO Customer(CustomerID, NameStyle, Title, FirstName, MiddleName, LastName, Suffix_S, CompanyName, SalesPerson, EmailAddress, Phone, PasswordHash, PasswordSalt)
VALUES
(
64, 0, 'Mr.', 'Vamsi', 'NULL', 'Kuppa', 'NULL', 'Metal Clearing House', 'adventure-worksjose1', 'vamsi1@adventure-works.com', '290-555-0196', '6p4SZnWdWPrBclHkaWFeooblNWE+Y4VJiuTM9hyonDI=', 'HaDRSbY='
);

INSERT INTO Customer(CustomerID, NameStyle, Title, FirstName, MiddleName, LastName, Suffix_S, CompanyName, SalesPerson, EmailAddress, Phone, PasswordHash, PasswordSalt)
VALUES
(
65, 0, 'Ms.', 'Jane', 'P.', 'Greer', 'NULL', 'Metro Manufacturing', 'adventure-worksjose1', 'jane2@adventure-works.com', '737-555-0163', 'gCWE10xc3haq9E82Ksvg2GS6WBBD0H0ZF25YAS0CfJ8=', 'qxbTTkE='
);

INSERT INTO Customer(CustomerID, NameStyle, Title, FirstName, MiddleName, LastName, Suffix_S, CompanyName, SalesPerson, EmailAddress, Phone, PasswordHash, PasswordSalt)
VALUES
(
66, 0, 'Mr.', 'Alexander', 'J.', 'Deborde', 'NULL', 'Neighborhood Store', 'adventure-worksgarrett1', 'alexander1@adventure-works.com', '394-555-0176', 'QC+He1HXF5uNbU5XqduVyZW0SlvdnAE2jhuD/06ukjE=', 'Uifpoxw='
);

INSERT INTO Customer(CustomerID, NameStyle, Title, FirstName, MiddleName, LastName, Suffix_S, CompanyName, SalesPerson, EmailAddress, Phone, PasswordHash, PasswordSalt)
VALUES
(
70, 0, 'Mr.', 'Deepak', 'NULL', 'Kumar', 'NULL', 'Outdoor Aerobic Systems Company', 'adventure-worksjae0', 'deepak0@adventure-works.com', '1 (11) 500 555-0122', '0d3F0pfNxXFKEufM738j3/fA0at2eUlZA8ibqRnMr7M=', '6fOTb8g='
);

INSERT INTO Customer(CustomerID, NameStyle, Title, FirstName, MiddleName, LastName, Suffix_S, CompanyName, SalesPerson, EmailAddress, Phone, PasswordHash, PasswordSalt)
VALUES
(
73, 0, 'Ms.', 'Margaret', 'T.', 'Krupka', 'NULL', 'Outdoor Sports Supply', 'adventure-workspamela0', 'margaret1@adventure-works.com', '107-555-0132', 'dI+A6Ikk6Eh9ypKYxrAEHGdSxjzUhy8bEyDdFjggW9g=', '09k9Tis='
);

INSERT INTO Customer(CustomerID, NameStyle, Title, FirstName, MiddleName, LastName, Suffix_S, CompanyName, SalesPerson, EmailAddress, Phone, PasswordHash, PasswordSalt)
VALUES
(
74, 0, 'Mr.', 'Christopher', 'M.', 'Bright', 'NULL', 'Parcel Express Delivery Service', 'adventure-worksdavid8', 'christopher2@adventure-works.com', '162-555-0166', 'jIw8zSChmDX3xmVInKUV46U77LBgW9C5vlIMvK4NqF8=', 'J9DNyhU='
);

INSERT INTO Customer(CustomerID, NameStyle, Title, FirstName, MiddleName, LastName, Suffix_S, CompanyName, SalesPerson, EmailAddress, Phone, PasswordHash, PasswordSalt)
VALUES(75, 0, 'Ms.', 'Aidan', 'NULL', 'Delaney', 'NULL', 'Paint Supply', 'adventure-worksjillian0', 'aidan0@adventure-works.com', '358-555-0188', '6lcVqEc4gGgfW6DsOks/KuDIWIP5qFsrc8sXtmcwj6E=', 'DKu7/UM=');

INSERT INTO Customer(CustomerID, NameStyle, Title, FirstName, MiddleName, LastName, Suffix_S, CompanyName, SalesPerson, EmailAddress, Phone, PasswordHash, PasswordSalt)
VALUES(76, 0, 'Mr.', 'James', 'J.', 'Krow', 'NULL', 'Out-of-the-Way Hotels', 'adventure-worksjillian0', 'james11@adventure-works.com', '265-555-0190', 'I2HiduC1LR4LnxkLk1SFZ0OCyPveKfbQ6Q4mjKnPiyA=', 'PJEpZaA=');

INSERT INTO Customer(CustomerID, NameStyle, Title, FirstName, MiddleName, LastName, Suffix_S, CompanyName, SalesPerson, EmailAddress, Phone, PasswordHash, PasswordSalt)
VALUES(77, 0, 'Mr.', 'Michael', 'NULL', 'Brundage', 'NULL', 'Mechanical Products Ltd.', 'adventure-worksshu0', 'michael13@adventure-works.com', '128-555-0148', 'Ioh5Ss2cXrUAI8DZcSkQ/z92aEmHE0Wxqc6MdggjJQE=', 'MjQeaAE=');

INSERT INTO Customer(CustomerID, NameStyle, Title, FirstName, MiddleName, LastName, Suffix_S, CompanyName, SalesPerson, EmailAddress, Phone, PasswordHash, PasswordSalt)
VALUES(82, 0, 'Mr.', 'James', 'D.', 'Kramer', 'NULL', 'Refined Department Stores', 'adventure-worksjose1', 'james10@adventure-works.com', '814-555-0130', '8x6bpv0tFDausfY5Z8RQwPKRz3E+N1BszPMzVAsq5kg=	', '5NcSbeg=');

/*--------------------------------Address-------------------------------*/

INSERT INTO Address(AddressID, AddressLine1, AddressLine2, City, StateProvince, CountyRegion, PostalCode)
VALUES
(
445, '6388 Lake City Way', 'NULL', 'Burnaby', 'British Columbia', 'Canada', 'V5A 3A6'
);

INSERT INTO Address(AddressID, AddressLine1, AddressLine2, City, StateProvince, CountyRegion, PostalCode)
VALUES
(
9, '8713 Yosemite Ct.', 'NULL', 'Bothell', 'Washington', 'United States', '98011'
);

INSERT INTO Address(AddressID, AddressLine1, AddressLine2, City, StateProvince, CountyRegion, PostalCode)
VALUES
(
11, '1318 Lasalle Street', 'NULL', 'Bothell', 'Washington', 'United States', '98011'
);

INSERT INTO Address(AddressID, AddressLine1, AddressLine2, City, StateProvince, CountyRegion, PostalCode)
VALUES
(
25, '9178 Jumping St.', 'NULL', 'Dallas', 'Texas', 'United States', '75201'
);

INSERT INTO Address(AddressID, AddressLine1, AddressLine2, City, StateProvince, CountyRegion, PostalCode)
VALUES
(
28, '9228 Via Del Sol', 'NULL', 'Phoenix', 'Arizona', 'United States', '85004'
);

INSERT INTO Address(AddressID, AddressLine1, AddressLine2, City, StateProvince, CountyRegion, PostalCode)
VALUES
(
32, '26910 Indela Road', 'NULL', 'Montreal', 'Quebec', 'Canada', 'H1Y 2H5'
);

INSERT INTO Address(AddressID, AddressLine1, AddressLine2, City, StateProvince, CountyRegion, PostalCode)
VALUES
(
185, '2681 Eagle Peak', 'NULL', 'Bellevue', 'Washington', 'United States', '98004'
);

INSERT INTO Address(AddressID, AddressLine1, AddressLine2, City, StateProvince, CountyRegion, PostalCode)
VALUES
(
297, '7943 Walnut Ave', 'NULL', 'Renton', 'Washington', 'United States', '98055'
);

INSERT INTO Address(AddressID, AddressLine1, AddressLine2, City, StateProvince, CountyRegion, PostalCode)
VALUES
(
446, '52560 Free Street', 'NULL', 'Toronto', 'Ontario', 'Canada', 'M4B 1V7'
);

INSERT INTO Address(AddressID, AddressLine1, AddressLine2, City, StateProvince, CountyRegion, PostalCode)
VALUES
(
447, '22580 Free Street', 'NULL', 'Toronto', 'Ontario', 'Canada', 'M4B 1V7'
);

INSERT INTO Address(AddressID, AddressLine1, AddressLine2, City, StateProvince, CountyRegion, PostalCode)
VALUES
(
448, '2575 Bloor Street East', 'NULL', 'Toronto', 'Ontario', 'Canada', 'M4B 1V6'
);

INSERT INTO Address(AddressID, AddressLine1, AddressLine2, City, StateProvince, CountyRegion, PostalCode)
VALUES
(
449, 'Station E', 'NULL', 'Chalk Riber', 'Ontario', 'Canada', 'K0J 1J0'
);

INSERT INTO Address(AddressID, AddressLine1, AddressLine2, City, StateProvince, CountyRegion, PostalCode)
VALUES
(
450, '575 Rue St Amable', 'NULL', 'Quebec', 'Quebec', 'Canada', 'G1R'
);

INSERT INTO Address(AddressID, AddressLine1, AddressLine2, City, StateProvince, CountyRegion, PostalCode)
VALUES
(
451, '2512-4th Ave Sw', 'NULL', 'Calgary', 'Alberta', 'Canada', 'T2P 2G8'
);

INSERT INTO Address(AddressID, AddressLine1, AddressLine2, City, StateProvince, CountyRegion, PostalCode)
VALUES
(
452, '55 Lakeshore Blvd East', 'NULL', 'Toronto', 'Ontario', 'Canada', 'M4B 1V6'
);

INSERT INTO Address(AddressID, AddressLine1, AddressLine2, City, StateProvince, CountyRegion, PostalCode)
VALUES
(
453, '6333 Cote Vertu', 'NULL', 'Montreal', 'Quebec', 'Canada', 'H1Y 2H7'
);

INSERT INTO Address(AddressID, AddressLine1, AddressLine2, City, StateProvince, CountyRegion, PostalCode)
VALUES
(
454, '3255 Front Street West', 'NULL', 'Toronto', 'Ontario', 'Canada', 'M4B 1V6'
);

INSERT INTO Address(AddressID, AddressLine1, AddressLine2, City, StateProvince, CountyRegion, PostalCode)
VALUES
(
455, '2550 Signet Drive', 'NULL', 'Weston', 'Ontario', 'Canada', 'M9V 4W3'
);

INSERT INTO Address(AddressID, AddressLine1, AddressLine2, City, StateProvince, CountyRegion, PostalCode)
VALUES
(
456, '6777 Kingsway', 'NULL', 'Burnaby', 'British Columbia', 'Canada', 'V5H 3Z7'
);

INSERT INTO Address(AddressID, AddressLine1, AddressLine2, City, StateProvince, CountyRegion, PostalCode)
VALUES
(
457, '5250-505 Burning St', 'NULL', 'Vancouver', 'British Columbia', 'Canada', 'V7L 4J4'
);

INSERT INTO Address(AddressID, AddressLine1, AddressLine2, City, StateProvince, CountyRegion, PostalCode)
VALUES
(
458, '600 Slater Street', 'NULL', 'Ottawa', 'Ontario', 'Canada', 'K4B 1S2'
);

INSERT INTO Address(AddressID, AddressLine1, AddressLine2, City, StateProvince, CountyRegion, PostalCode)
VALUES
(
459, '25575 The Queensway', 'NULL', 'Etobicoke', 'Ontario', 'Canada', 'M9W 3P3'
);

INSERT INTO Address(AddressID, AddressLine1, AddressLine2, City, StateProvince, CountyRegion, PostalCode)
VALUES
(
460, '2521 McPherson Street', 'NULL', 'Markham', 'Ontario', 'Canada', 'L3S 3K2'
);

INSERT INTO Address(AddressID, AddressLine1, AddressLine2, City, StateProvince, CountyRegion, PostalCode)
VALUES
(
461, '2560 Bay Street', 'NULL', 'Toronto', 'Ontario', 'Canada', 'M4B 1V7'
);

INSERT INTO Address(AddressID, AddressLine1, AddressLine2, City, StateProvince, CountyRegion, PostalCode)
VALUES
(
462, '630 University Avenue', 'NULL', 'Toronto', 'Ontario', 'Canada', 'M4B 1V7'
);

INSERT INTO Address(AddressID, AddressLine1, AddressLine2, City, StateProvince, CountyRegion, PostalCode)
VALUES
(
463, '992 St Clair Ave East', 'NULL', 'Toronto', 'Ontario', 'Canada', 'M4B 1V7'
);

INSERT INTO Address(AddressID, AddressLine1, AddressLine2, City, StateProvince, CountyRegion, PostalCode)
VALUES
(
464, '"99', ' Rue Saint-pierre"', 'NULL', 'Pnot-Rouge', 'Quebec', 'Canada'
);

INSERT INTO Address(AddressID, AddressLine1, AddressLine2, City, StateProvince, CountyRegion, PostalCode)
VALUES
(
465, '25245 Rue Sherbrooke Ouest', 'NULL', 'Montreal', 'Quebec', 'Canada', 'H1Y 2H5'
);

INSERT INTO Address(AddressID, AddressLine1, AddressLine2, City, StateProvince, CountyRegion, PostalCode)
VALUES
(
466, '655-4th Ave S.W.', 'NULL', 'Calgary', 'Alberta', 'Canada', 'T2P 2G8'
);

INSERT INTO Address(AddressID, AddressLine1, AddressLine2, City, StateProvince, CountyRegion, PostalCode)
VALUES
(
467, '25900-700-9th Ave S.W.', 'NULL', 'Calgary', 'Alberta', 'Canada', 'T2P 2G8'
);

INSERT INTO Address(AddressID, AddressLine1, AddressLine2, City, StateProvince, CountyRegion, PostalCode)
VALUES
(
468, 'Po Box 83270', 'NULL', 'Vancouver', 'British Columbia', 'Canada', 'V7L 4J4'
);

INSERT INTO Address(AddressID, AddressLine1, AddressLine2, City, StateProvince, CountyRegion, PostalCode)
VALUES
(
469, '400-25155 West Pender St', 'NULL', 'Vancouver', 'British Columbia', 'Canada', 'V7L 4J4'
);

INSERT INTO Address(AddressID, AddressLine1, AddressLine2, City, StateProvince, CountyRegion, PostalCode)
VALUES
(
470, '2511 Baker Road', 'NULL', 'Toronto', 'Ontario', 'Canada', 'M4B 1V7'
);

INSERT INTO Address(AddressID, AddressLine1, AddressLine2, City, StateProvince, CountyRegion, PostalCode)
VALUES
(
471, '770 Notre Datme Quest Bureau 800', 'NULL', 'Montreal', 'Quebec', 'Canada', 'H1Y 2H7'
);

INSERT INTO Address(AddressID, AddressLine1, AddressLine2, City, StateProvince, CountyRegion, PostalCode)
VALUES
(
472, '250551 Shellbridge Way', 'NULL', 'Richmond', 'British Columbia', 'Canada', 'V6B 3P7'
);

INSERT INTO Address(AddressID, AddressLine1, AddressLine2, City, StateProvince, CountyRegion, PostalCode)
VALUES
(
473, '595 Burning Street', 'NULL', 'Vancouver', 'British Columbia', 'Canada', 'V7L 4J4'
);

INSERT INTO Address(AddressID, AddressLine1, AddressLine2, City, StateProvince, CountyRegion, PostalCode)
VALUES
(
474, '252345 8810th Avenue', 'NULL', 'Surrey', 'British Columbia', 'Canada', 'V3T 4W3'
);

INSERT INTO Address(AddressID, AddressLine1, AddressLine2, City, StateProvince, CountyRegion, PostalCode)
VALUES
(
475, '2512-410th Avenue S.W.', 'NULL', 'Calgary', 'Alberta', 'Canada', 'T2P 2G8'
);

INSERT INTO Address(AddressID, AddressLine1, AddressLine2, City, StateProvince, CountyRegion, PostalCode)
VALUES
(
476, '258 King Street East', 'NULL', 'Toronto', 'Ontario', 'Canada', 'M4B 1V7'
);

INSERT INTO Address(AddressID, AddressLine1, AddressLine2, City, StateProvince, CountyRegion, PostalCode)
VALUES
(
477, '6th Floor Ferguson Block', 'NULL', 'Toronto', 'Ontario', 'Canada', 'M4B 1V7'
);

INSERT INTO Address(AddressID, AddressLine1, AddressLine2, City, StateProvince, CountyRegion, PostalCode)
VALUES
(
478, '2545 King Street West', 'NULL', 'Toronto', 'Ontario', 'Canada', 'M4B 1V7'
);

INSERT INTO Address(AddressID, AddressLine1, AddressLine2, City, StateProvince, CountyRegion, PostalCode)
VALUES
(
479, '2550 Middlefield Road', 'NULL', 'Scarborough', 'Ontario', 'Canada', 'M1V 4M2'
);

INSERT INTO Address(AddressID, AddressLine1, AddressLine2, City, StateProvince, CountyRegion, PostalCode)
VALUES
(
480, '25 First Canadian Place', 'NULL', 'Toronto', 'Ontario', 'Canada', 'M4B 1V5'
);

INSERT INTO Address(AddressID, AddressLine1, AddressLine2, City, StateProvince, CountyRegion, PostalCode)
VALUES
(
481, '65 Gamelin Street', 'NULL', 'Hull', 'Quebec', 'Canada', '8Y'
);

INSERT INTO Address(AddressID, AddressLine1, AddressLine2, City, StateProvince, CountyRegion, PostalCode)
VALUES
(
482, '2500 University Avenue', 'NULL', 'Toronto', 'Ontario', 'Canada', 'M4B 1V5'
);

INSERT INTO Address(AddressID, AddressLine1, AddressLine2, City, StateProvince, CountyRegion, PostalCode)
VALUES
(
483, '955 Green Valley Crescent', 'NULL', 'Ottawa', 'Ontario', 'Canada', 'K4B 1S1'
);

INSERT INTO Address(AddressID, AddressLine1, AddressLine2, City, StateProvince, CountyRegion, PostalCode)
VALUES
(
484, '2510 Crew Court', 'NULL', 'Montreal', 'Quebec', 'Canada', 'H1Y 2H8'
);

INSERT INTO Address(AddressID, AddressLine1, AddressLine2, City, StateProvince, CountyRegion, PostalCode)
VALUES
(
485, '"9900-6400 Boul', ' Taschereau"', 'NULL', 'Brossard', 'Quebec', 'Canada'
);

INSERT INTO Address(AddressID, AddressLine1, AddressLine2, City, StateProvince, CountyRegion, PostalCode)
VALUES
(
486, '600 Boul. Rene-levesque Ouest', 'NULL', 'Montreal', 'Quebec', 'Canada', 'H1Y 2H7'
);

INSERT INTO Address(AddressID, AddressLine1, AddressLine2, City, StateProvince, CountyRegion, PostalCode)
VALUES
(
487, '9259 - 1110th Avenue Sw', 'NULL', 'Calgary', 'Alberta', 'Canada', 'T2P 2G8'
);

/*--------------------------------CustomerAddress-------------------------------*/

INSERT INTO CustomerAddress(CustomerID, AddressID, AddressType)
VALUES(2, 297, 'Shipping');

INSERT INTO CustomerAddress(CustomerID, AddressID, AddressType)
VALUES(10, 445, 'Main Office');

INSERT INTO CustomerAddress(CustomerID, AddressID, AddressType)
VALUES(11, 446, 'Main Office');

INSERT INTO CustomerAddress(CustomerID, AddressID, AddressType)
VALUES(12, 447, 'Main Office');

INSERT INTO CustomerAddress(CustomerID, AddressID, AddressType)
VALUES(19, 11, 'Shipping');

INSERT INTO CustomerAddress(CustomerID, AddressID, AddressType)
VALUES(28, 448, 'Main Office');

INSERT INTO CustomerAddress(CustomerID, AddressID, AddressType)
VALUES(29, 449, 'Main Office');

INSERT INTO CustomerAddress(CustomerID, AddressID, AddressType)
VALUES(30, 450, 'Main Office');

INSERT INTO CustomerAddress(CustomerID, AddressID, AddressType)
VALUES(46, 451, 'Main Office');

INSERT INTO CustomerAddress(CustomerID, AddressID, AddressType)
VALUES(47, 452, 'Main Office');

INSERT INTO CustomerAddress(CustomerID, AddressID, AddressType)
VALUES(48, 453, 'Main Office');

INSERT INTO CustomerAddress(CustomerID, AddressID, AddressType)
VALUES(64, 454, 'Main Office');

INSERT INTO CustomerAddress(CustomerID, AddressID, AddressType)
VALUES(65, 455, 'Main Office');

INSERT INTO CustomerAddress(CustomerID, AddressID, AddressType)
VALUES(66, 456, 'Main Office');

INSERT INTO CustomerAddress(CustomerID, AddressID, AddressType)
VALUES(82, 457, 'Main Office');

/*--------------------------------ProductDescription-------------------------------*/
/* INSERT QUERY NO: 1 */
INSERT INTO PRODUCTDESCRIPTION(PRODUCTDESCRIPTIONID, DESCRIPTION_PM)
VALUES
(
3, 'Chromoly steel.'
);

/* INSERT QUERY NO: 2 */
INSERT INTO PRODUCTDESCRIPTION(PRODUCTDESCRIPTIONID, DESCRIPTION_PM)
VALUES
(
4, 'Aluminum alloy cups; large diameter spindle.'
);

/* INSERT QUERY NO: 3 */
INSERT INTO PRODUCTDESCRIPTION(PRODUCTDESCRIPTIONID, DESCRIPTION_PM)
VALUES
(
5, 'Aluminum alloy cups and a hollow axle.'
);

/* INSERT QUERY NO: 4 */
INSERT INTO PRODUCTDESCRIPTION(PRODUCTDESCRIPTIONID, DESCRIPTION_PM)
VALUES
(
8, '"Suitable for any type of riding'
);

/* INSERT QUERY NO: 5 */
INSERT INTO PRODUCTDESCRIPTION(PRODUCTDESCRIPTIONID, DESCRIPTION_PM)
VALUES
(
64, '"This bike delivers a high-level of performance on a budget. It is responsive and maneuverable'
);

/* INSERT QUERY NO: 6 */
INSERT INTO PRODUCTDESCRIPTION(PRODUCTDESCRIPTIONID, DESCRIPTION_PM)
VALUES
(
88, 'For true trail addicts. An extremely durable bike that will go anywhere and keep you in control on challenging terrain - without breaking your budget.'
);

/* INSERT QUERY NO: 7 */
INSERT INTO PRODUCTDESCRIPTION(PRODUCTDESCRIPTIONID, DESCRIPTION_PM)
VALUES
(
128, 'Serious back-country riding. Perfect for all levels of competition. Uses the same HL Frame as the Mountain-100.'
);

/* INSERT QUERY NO: 8 */
INSERT INTO PRODUCTDESCRIPTION(PRODUCTDESCRIPTIONID, DESCRIPTION_PM)
VALUES
(
168, '"Top-of-the-line competition mountain bike. Performance-enhancing options include the innovative HL Frame'
);

/* INSERT QUERY NO: 9 */
INSERT INTO PRODUCTDESCRIPTION(PRODUCTDESCRIPTIONID, DESCRIPTION_PM)
VALUES
(
170, 'Suitable for any type of off-road trip. Fits any budget.'
);

/* INSERT QUERY NO: 10 */
INSERT INTO PRODUCTDESCRIPTION(PRODUCTDESCRIPTIONID, DESCRIPTION_PM)
VALUES
(
209, 'Entry level adult bike; offers a comfortable ride cross-country or down the block. Quick-release hubs and rims.'
);

/* INSERT QUERY NO: 11 */
INSERT INTO PRODUCTDESCRIPTION(PRODUCTDESCRIPTIONID, DESCRIPTION_PM)
VALUES
(
249, '"Value-priced bike with many features of our top-of-the-line models. Has the same light'
);

/* INSERT QUERY NO: 12 */
INSERT INTO PRODUCTDESCRIPTION(PRODUCTDESCRIPTIONID, DESCRIPTION_PM)
VALUES
(
320, '"Same technology as all of our Road series bikes'
);

/* INSERT QUERY NO: 13 */
INSERT INTO PRODUCTDESCRIPTION(PRODUCTDESCRIPTIONID, DESCRIPTION_PM)
VALUES
(
321, 'Same technology as all of our Road series bikes. Perfect all-around bike for road or racing.'
);

/* INSERT QUERY NO: 14 */
INSERT INTO PRODUCTDESCRIPTION(PRODUCTDESCRIPTIONID, DESCRIPTION_PM)
VALUES
(
337, '"A true multi-sport bike that offers streamlined riding and a revolutionary design. Aerodynamic design lets you ride with the pros'
);

/* INSERT QUERY NO: 15 */
INSERT INTO PRODUCTDESCRIPTION(PRODUCTDESCRIPTIONID, DESCRIPTION_PM)
VALUES
(
375, '"Cross-train'
);

/* INSERT QUERY NO: 16 */
INSERT INTO PRODUCTDESCRIPTION(PRODUCTDESCRIPTIONID, DESCRIPTION_PM)
VALUES
(
376, '"Cross-train'
);

/* INSERT QUERY NO: 17 */
INSERT INTO PRODUCTDESCRIPTION(PRODUCTDESCRIPTIONID, DESCRIPTION_PM)
VALUES
(
409, '"Alluminum-alloy frame provides a light'
);

/* INSERT QUERY NO: 18 */
INSERT INTO PRODUCTDESCRIPTION(PRODUCTDESCRIPTIONID, DESCRIPTION_PM)
VALUES
(
457, '"This bike is ridden by race winners. Developed with the Adventure Works Cycles professional race team'
);

/* INSERT QUERY NO: 19 */
INSERT INTO PRODUCTDESCRIPTION(PRODUCTDESCRIPTIONID, DESCRIPTION_PM)
VALUES
(
513, '"All-occasion value bike with our basic comfort and safety features. Offers wider'
);

/* INSERT QUERY NO: 20 */
INSERT INTO PRODUCTDESCRIPTION(PRODUCTDESCRIPTIONID, DESCRIPTION_PM)
VALUES
(
554, '"The plush custom saddle keeps you riding all day'
);

/* INSERT QUERY NO: 21 */
INSERT INTO PRODUCTDESCRIPTION(PRODUCTDESCRIPTIONID, DESCRIPTION_PM)
VALUES
(
594, 'Travel in style and comfort. Designed for maximum comfort and safety. Wide gear range takes on all hills. High-tech aluminum alloy construction provides durability without added weight.'
);

/* INSERT QUERY NO: 22 */
INSERT INTO PRODUCTDESCRIPTION(PRODUCTDESCRIPTIONID, DESCRIPTION_PM)
VALUES
(
613, 'Superior shifting performance.'
);

/* INSERT QUERY NO: 23 */
INSERT INTO PRODUCTDESCRIPTION(PRODUCTDESCRIPTIONID, DESCRIPTION_PM)
VALUES
(
618, 'Super rigid spindle.'
);

/* INSERT QUERY NO: 24 */
INSERT INTO PRODUCTDESCRIPTION(PRODUCTDESCRIPTIONID, DESCRIPTION_PM)
VALUES
(
619, 'High-strength crank arm.'
);

/* INSERT QUERY NO: 25 */
INSERT INTO PRODUCTDESCRIPTION(PRODUCTDESCRIPTIONID, DESCRIPTION_PM)
VALUES
(
620, 'Triple crankset; alumunim crank arm; flawless shifting.'
);

/* INSERT QUERY NO: 26 */
INSERT INTO PRODUCTDESCRIPTION(PRODUCTDESCRIPTIONID, DESCRIPTION_PM)
VALUES
(
627, 'All-weather brake pads; provides superior stopping by applying more surface to the rim.'
);

/* INSERT QUERY NO: 27 */
INSERT INTO PRODUCTDESCRIPTION(PRODUCTDESCRIPTIONID, DESCRIPTION_PM)
VALUES
(
630, 'Wide-link design.'
);

/* INSERT QUERY NO: 28 */
INSERT INTO PRODUCTDESCRIPTION(PRODUCTDESCRIPTIONID, DESCRIPTION_PM)
VALUES
(
633, 'Stout design absorbs shock and offers more precise steering.'
);

/* INSERT QUERY NO: 29 */
INSERT INTO PRODUCTDESCRIPTION(PRODUCTDESCRIPTIONID, DESCRIPTION_PM)
VALUES
(
634, 'Composite road fork with an aluminum steerer tube.'
);

/* INSERT QUERY NO: 30 */
INSERT INTO PRODUCTDESCRIPTION(PRODUCTDESCRIPTIONID, DESCRIPTION_PM)
VALUES
(
635, 'High-performance carbon road fork with curved legs.'
);

/* INSERT QUERY NO: 31 */
INSERT INTO PRODUCTDESCRIPTION(PRODUCTDESCRIPTIONID, DESCRIPTION_PM)
VALUES
(
637, '"Our best value utilizing the same'
);

/* INSERT QUERY NO: 32 */
INSERT INTO PRODUCTDESCRIPTION(PRODUCTDESCRIPTIONID, DESCRIPTION_PM)
VALUES
(
642, 'The ML frame is a heat-treated aluminum frame made with the same detail and quality as our HL frame. It offers superior performance. Men''s version.'
);

/* INSERT QUERY NO: 33 */
INSERT INTO PRODUCTDESCRIPTION(PRODUCTDESCRIPTIONID, DESCRIPTION_PM)
VALUES
(
644, 'The ML frame is a heat-treated aluminum frame made with the same detail and quality as our HL frame. It offers superior performance. Women''s version.'
);

/* INSERT QUERY NO: 34 */
INSERT INTO PRODUCTDESCRIPTION(PRODUCTDESCRIPTIONID, DESCRIPTION_PM)
VALUES
(
647, 'Each frame is hand-crafted in our Bothell facility to the optimum diameter and wall-thickness required of a premium mountain frame. The heat-treated welded aluminum frame has a larger diameter tube that absorbs the bumps.'
);

/* INSERT QUERY NO: 35 */
INSERT INTO PRODUCTDESCRIPTION(PRODUCTDESCRIPTIONID, DESCRIPTION_PM)
VALUES
(
661, '"Made from the same aluminum alloy as our top-of-the line HL frame'
);

/* INSERT QUERY NO: 36 */
INSERT INTO PRODUCTDESCRIPTION(PRODUCTDESCRIPTIONID, DESCRIPTION_PM)
VALUES
(
686, 'Replacement mountain wheel for entry-level rider.'
);

/* INSERT QUERY NO: 37 */
INSERT INTO PRODUCTDESCRIPTION(PRODUCTDESCRIPTIONID, DESCRIPTION_PM)
VALUES
(
687, 'Replacement mountain wheel for the casual to serious rider.'
);

/* INSERT QUERY NO: 38 */
INSERT INTO PRODUCTDESCRIPTION(PRODUCTDESCRIPTIONID, DESCRIPTION_PM)
VALUES
(
688, 'High-performance mountain replacement wheel.'
);

/* INSERT QUERY NO: 39 */
INSERT INTO PRODUCTDESCRIPTION(PRODUCTDESCRIPTIONID, DESCRIPTION_PM)
VALUES
(
689, 'Replacement road front wheel for entry-level cyclist.'
);

/* INSERT QUERY NO: 40 */
INSERT INTO PRODUCTDESCRIPTION(PRODUCTDESCRIPTIONID, DESCRIPTION_PM)
VALUES
(
690, 'Sturdy alloy features a quick-release hub.'
);

/* INSERT QUERY NO: 41 */
INSERT INTO PRODUCTDESCRIPTION(PRODUCTDESCRIPTIONID, DESCRIPTION_PM)
VALUES
(
691, 'Strong wheel with double-walled rim.'
);

/* INSERT QUERY NO: 42 */
INSERT INTO PRODUCTDESCRIPTION(PRODUCTDESCRIPTIONID, DESCRIPTION_PM)
VALUES
(
692, 'Aerodynamic rims for smooth riding.'
);

/* INSERT QUERY NO: 43 */
INSERT INTO PRODUCTDESCRIPTION(PRODUCTDESCRIPTIONID, DESCRIPTION_PM)
VALUES
(
697, 'All-purpose bar for on or off-road.'
);

/* INSERT QUERY NO: 44 */
INSERT INTO PRODUCTDESCRIPTION(PRODUCTDESCRIPTIONID, DESCRIPTION_PM)
VALUES
(
698, 'Tough aluminum alloy bars for downhill.'
);

/* INSERT QUERY NO: 45 */
INSERT INTO PRODUCTDESCRIPTION(PRODUCTDESCRIPTIONID, DESCRIPTION_PM)
VALUES
(
699, 'Flat bar strong enough for the pro circuit.'
);

/* INSERT QUERY NO: 46 */
INSERT INTO PRODUCTDESCRIPTION(PRODUCTDESCRIPTIONID, DESCRIPTION_PM)
VALUES
(
700, 'Unique shape provides easier reach to the levers.'
);

/* INSERT QUERY NO: 47 */
INSERT INTO PRODUCTDESCRIPTION(PRODUCTDESCRIPTIONID, DESCRIPTION_PM)
VALUES
(
701, 'Anatomically shaped aluminum tube bar will suit all riders.'
);

/* INSERT QUERY NO: 48 */
INSERT INTO PRODUCTDESCRIPTION(PRODUCTDESCRIPTIONID, DESCRIPTION_PM)
VALUES
(
702, 'Designed for racers; high-end anatomically shaped bar from aluminum alloy.'
);

/* INSERT QUERY NO: 49 */
INSERT INTO PRODUCTDESCRIPTION(PRODUCTDESCRIPTIONID, DESCRIPTION_PM)
VALUES
(
703, 'Unique shape reduces fatigue for entry level riders.'
);

/* INSERT QUERY NO: 50 */
INSERT INTO PRODUCTDESCRIPTION(PRODUCTDESCRIPTIONID, DESCRIPTION_PM)
VALUES
(
704, 'A light yet stiff aluminum bar for long distance riding.'
);

/*ProductModel*/
INSERT INTO ProductModel(ProductModelID, Name_PM, CatalogDescription, Detalle) 
        VALUES(1, 'Classic Vest', 'NULL',
        '<?xml version="1.0"?>
        <detalle>
            <Tela>Cotton</Tela>
            <Colores>
                <Color>yellow</Color>
                <Color>red</Color>
                <Color>blue</Color>
            </Colores>
            <Tallas>
                <Talla>S</Talla>
                <Talla>M</Talla>
                <Talla>L</Talla>
                <Talla>XL</Talla>
            </Tallas>
            <Genero>women</Genero>
            <Descripcion>Remarkable</Descripcion>
            <Marca>Sara</Marca>
            <Evaluaciones>
                <Evaluacion
                  año="00"
                  calificacion="3">
                </Evaluacion>
                <Evaluacion
                  año="03"
                  calificacion="5">
                </Evaluacion>
            </Evaluaciones>
        </detalle>');
        
        INSERT INTO ProductModel(ProductModelID, Name_PM, CatalogDescription, Detalle)
        VALUES(2, 'Cycling Cap', 'NULL',
        '<?xml version="1.0"?>
        <detalle>
            <Tela>Jersey</Tela>
            <Colores>
                <Color>black</Color>
                <Color>green</Color>
                <Color>white</Color>
            </Colores>
            <Tallas>
                <Talla>M</Talla>
                <Talla>L</Talla>
                <Talla>XL</Talla>
                <Talla>XXL</Talla>
            </Tallas>
            <Genero>men</Genero>
            <Descripcion>Sensational</Descripcion>
            <Marca>Calvin Klein</Marca>
            <Evaluaciones>
                <Evaluacion
                  año="00"
                  calificacion="5">
                </Evaluacion>
                <Evaluacion
                  año="01"
                  calificacion="2">
                </Evaluacion>
                <Evaluacion
                  año="20"
                  calificacion="5">
                </Evaluacion>
            </Evaluaciones>
        </detalle>');
        
        
        INSERT INTO ProductModel(ProductModelID, Name_PM, CatalogDescription, Detalle)
        VALUES(3, 'Full-Finger Gloves', 'NULL',
        '<?xml version="1.0"?>
        <detalle>
            <Tela>Jersey</Tela>
            <Colores>
                <Color>black</Color>
                <Color>green</Color>
                <Color>white</Color>
                <Color>yellow</Color>
                <Color>red</Color>
                <Color>blue</Color>
            </Colores>
            <Tallas>
                <Talla>S</Talla>
                <Talla>M</Talla>
                <Talla>L</Talla>
                <Talla>XL</Talla>
                <Talla>XXL</Talla>
            </Tallas>
            <Genero>neutral</Genero>
            <Descripcion>Revolutionary</Descripcion>
            <Marca>Bicycle Ware House</Marca>
            <Evaluaciones>
                <Evaluacion
                  año="18"
                  calificacion="3">
                </Evaluacion>
                <Evaluacion
                  año="19"
                  calificacion="4">
                </Evaluacion>
                <Evaluacion
                  año="20"
                  calificacion="5">
                </Evaluacion>
            </Evaluaciones>
        </detalle>');
        
        INSERT INTO ProductModel(ProductModelID, Name_PM, CatalogDescription, Detalle)
        VALUES(4, 'Half-Finger Gloves', 'NULL',
        '<?xml version="1.0"?>
        <detalle>
            <Tela>Cambray</Tela>
            <Colores>
                <Color>black</Color>
                <Color>green</Color>
                <Color>white</Color>
                <Color>yellow</Color>
                <Color>red</Color>
                <Color>blue</Color>
            </Colores>
            <Tallas>
                <Talla>S</Talla>
                <Talla>M</Talla>
                <Talla>L</Talla>
                <Talla>XL</Talla>
                <Talla>XXL</Talla>
            </Tallas>
            <Genero>neutral</Genero>
            <Descripcion>Classic</Descripcion>
            <Marca>Bicycle Ware House</Marca>
            <Evaluaciones>
                <Evaluacion
                  año="17"
                  calificacion="2">
                </Evaluacion>
                <Evaluacion
                  año="18"
                  calificacion="3">
                </Evaluacion>
                <Evaluacion
                  año="19"
                  calificacion="4">
                </Evaluacion>
                <Evaluacion
                  año="20"
                  calificacion="5">
                </Evaluacion>
            </Evaluaciones>
        </detalle>');
        
        
        INSERT INTO ProductModel(ProductModelID, Name_PM, CatalogDescription, Detalle)
        VALUES(5, 'HL Mountain Frame', 'NULL',
        '<?xml version="1.0"?>
        <detalle>
            <Tela>Nylon</Tela>
            <Colores>
                <Color>black</Color>
                <Color>white</Color>
                <Color>blue</Color>
            </Colores>
            <Tallas>
                <Talla>S</Talla>
                <Talla>M</Talla>
                <Talla>L</Talla>
            </Tallas>
            <Genero>neutral</Genero>
            <Descripcion>GORE-TEX</Descripcion>
            <Marca>Bicycle Ware House</Marca>
            <Evaluaciones>
                <Evaluacion
                  año="04"
                  calificacion="5">
                </Evaluacion>
                <Evaluacion
                  año="18"
                  calificacion="5">
                </Evaluacion>
                <Evaluacion
                  año="19"
                  calificacion="2">
                </Evaluacion>
                <Evaluacion
                  año="20"
                  calificacion="3">
                </Evaluacion>
            </Evaluaciones>
        </detalle>');
        
        INSERT INTO ProductModel(ProductModelID, Name_PM, CatalogDescription, Detalle)
        VALUES(6, 'HL Road Frame', 'NULL',
        '<?xml version="1.0"?>
        <detalle>
            <Tela>Cuero</Tela>
            <Colores>
                <Color>black</Color>
                <Color>white</Color>
                <Color>blue</Color>
                <Color>red</Color>
            </Colores>
            <Tallas>
                <Talla>M</Talla>
                <Talla>L</Talla>
                <Talla>XL</Talla>
            </Tallas>
            <Genero>neutral</Genero>
            <Descripcion>Unique</Descripcion>
            <Marca>Merelle</Marca>
            <Evaluaciones>
                <Evaluacion
                  año="17"
                  calificacion="5">
                </Evaluacion>
                <Evaluacion
                  año="18"
                  calificacion="5">
                </Evaluacion>
                <Evaluacion
                  año="19"
                  calificacion="5">
                </Evaluacion>
                <Evaluacion
                  año="20"
                  calificacion="5">
                </Evaluacion>
            </Evaluaciones>
        </detalle>');
        
        INSERT INTO ProductModel(ProductModelID, Name_PM, CatalogDescription, Detalle)
        VALUES(7, 'HL Touring Frame', 'NULL',
        '<?xml version="1.0"?>
        <detalle>
            <Tela>Cuero</Tela>
            <Colores>
                <Color>black</Color>
                <Color>white</Color>
                <Color>blue</Color>
                <Color>red</Color>
            </Colores>
            <Tallas>
                <Talla>XS</Talla>
                <Talla>S</Talla>
                <Talla>M</Talla>
                <Talla>L</Talla>
            </Tallas>
            <Genero>boys</Genero>
            <Descripcion>Unique</Descripcion>
            <Marca>Merelle</Marca>
            <Evaluaciones>
                <Evaluacion
                  año="10"
                  calificacion="5">
                </Evaluacion>
                <Evaluacion
                  año="15"
                  calificacion="5">
                </Evaluacion>
                <Evaluacion
                  año="17"
                  calificacion="3">
                </Evaluacion>
                <Evaluacion
                  año="18"
                  calificacion="1">
                </Evaluacion>
            </Evaluaciones>
        </detalle>');
        
        INSERT INTO ProductModel(ProductModelID, Name_PM, CatalogDescription, Detalle)
        VALUES(8, 'LL Mountain Frame', 'NULL',
        '<?xml version="1.0"?>
        <detalle>
            <Tela>Cotton</Tela>
            <Colores>
                <Color>black</Color>
                <Color>white</Color>
                <Color>green</Color>
                <Color>red</Color>
                <Color>yellow</Color>
                <Color>blue</Color>
            </Colores>
            <Tallas>
                <Talla>L</Talla>
            </Tallas>
            <Genero>girls</Genero>
            <Descripcion>Sensational</Descripcion>
            <Marca>Adidas</Marca>
            <Evaluaciones>
                <Evaluacion
                  año="03"
                  calificacion="4">
                </Evaluacion>
                <Evaluacion>
                  año="04"
                  calificacion="2"
                </Evaluacion>
                <Evaluacion
                  año="05"
                  calificacion="5">
                </Evaluacion>
                <Evaluacion
                  año="06"
                  calificacion="1">
                </Evaluacion>
            </Evaluaciones>
        </detalle>');
        
        INSERT INTO ProductModel(ProductModelID, Name_PM, CatalogDescription, Detalle)
        VALUES(9, 'LL Road Frame', 'NULL',
        '<?xml version="1.0"?>
        <detalle>
            <Tela>Cotton</Tela>
            <Colores>
                <Color>black</Color>
                <Color>white</Color>
                <Color>green</Color>
                <Color>red</Color>
                <Color>yellow</Color>
                <Color>blue</Color>
            </Colores>
            <Tallas>
                <Talla>XS</Talla>
                <Talla>S</Talla>
                <Talla>M</Talla>
                <Talla>L</Talla>
                <Talla>XL</Talla>
                <Talla>XXL</Talla>
                <Talla>XXXL</Talla>
            </Tallas>
            <Genero>girls</Genero>
            <Descripcion>Classic</Descripcion>
            <Marca>Nike</Marca>
            <Evaluaciones>
                <Evaluacion
                  año="03"
                  calificacion="4">
                </Evaluacion>
                <Evaluacion
                  año="17"
                  calificacion="5">
                </Evaluacion>
                <Evaluacion
                  año="19"
                  calificacion="5">
                </Evaluacion>
                <Evaluacion
                  año="20"
                  calificacion="1">
                </Evaluacion>
            </Evaluaciones>
        </detalle>');
        
        INSERT INTO ProductModel(ProductModelID, Name_PM, CatalogDescription, Detalle) 
        VALUES(10, 'Classic Vest', 'NULL',
        '<?xml version="1.0"?>
        <detalle>
            <Tela>Cotton</Tela>
            <Colores>
                <Color>yellow</Color>
                <Color>red</Color>
                <Color>blue</Color>
            </Colores>
            <Tallas>
                <Talla>S</Talla>
                <Talla>M</Talla>
                <Talla>L</Talla>
                <Talla>XL</Talla>
            </Tallas>
            <Genero>women</Genero>
            <Descripcion>Sensational</Descripcion>
            <Marca>Sara</Marca>
            <Evaluaciones>
                <Evaluacion
                  año="00"
                  calificacion="3">
                </Evaluacion>
                <Evaluacion
                  año="03"
                  calificacion="5">
                </Evaluacion>
            </Evaluaciones>
        </detalle>');

/*--------------------------------ProductModelProductDescription-------------------------------*/

/* INSERT QUERY NO: 1 */
INSERT INTO ProductModelProductDescription(PRODUCTMODELID, PRODUCTDESCRIPTIONID, Culture)
VALUES
(
5, 647, 'en'
);

/* INSERT QUERY NO: 2 */
INSERT INTO ProductModelProductDescription(PRODUCTMODELID, PRODUCTDESCRIPTIONID, Culture)
VALUES
(
8, 637, 'en'
);

/* INSERT QUERY NO: 3 */
INSERT INTO ProductModelProductDescription(PRODUCTMODELID, PRODUCTDESCRIPTIONID, Culture)
VALUES
(
9, 644, 'en'
);

/* INSERT QUERY NO: 4 */
INSERT INTO ProductModelProductDescription(PRODUCTMODELID, PRODUCTDESCRIPTIONID, Culture)
VALUES
(
10, 642, 'en'
);

/* INSERT QUERY NO: 5 */
INSERT INTO ProductModelProductDescription(PRODUCTMODELID, PRODUCTDESCRIPTIONID, Culture)
VALUES
(
7, 661, 'en'
);

/* INSERT QUERY NO: 6 */
INSERT INTO ProductModelProductDescription(PRODUCTMODELID, PRODUCTDESCRIPTIONID, Culture)
VALUES
(
6, 168, 'en'
);

/* INSERT QUERY NO: 7 */
INSERT INTO ProductModelProductDescription(PRODUCTMODELID, PRODUCTDESCRIPTIONID, Culture)
VALUES
(
5, 128, 'en'
);

/* INSERT QUERY NO: 8 */
INSERT INTO ProductModelProductDescription(PRODUCTMODELID, PRODUCTDESCRIPTIONID, Culture)
VALUES
(
4, 88, 'en'
);

/* INSERT QUERY NO: 9 */
INSERT INTO ProductModelProductDescription(PRODUCTMODELID, PRODUCTDESCRIPTIONID, Culture)
VALUES
(
3, 64, 'en'
);

/* INSERT QUERY NO: 10 */
INSERT INTO ProductModelProductDescription(PRODUCTMODELID, PRODUCTDESCRIPTIONID, Culture)
VALUES
(
2, 8, 'en'
);

/* INSERT QUERY NO: 11 */
INSERT INTO ProductModelProductDescription(PRODUCTMODELID, PRODUCTDESCRIPTIONID, Culture)
VALUES
(
1, 457, 'en'
);

/* INSERT QUERY NO: 12 */
INSERT INTO ProductModelProductDescription(PRODUCTMODELID, PRODUCTDESCRIPTIONID, Culture)
VALUES
(
6, 409, 'en'
);

/* INSERT QUERY NO: 13 */
INSERT INTO ProductModelProductDescription(PRODUCTMODELID, PRODUCTDESCRIPTIONID, Culture)
VALUES
(
7, 376, 'en'
);

/* INSERT QUERY NO: 14 */
INSERT INTO ProductModelProductDescription(PRODUCTMODELID, PRODUCTDESCRIPTIONID, Culture)
VALUES
(
8, 337, 'en'
);

/* INSERT QUERY NO: 15 */
INSERT INTO ProductModelProductDescription(PRODUCTMODELID, PRODUCTDESCRIPTIONID, Culture)
VALUES
(
9, 320, 'en'
);

/* INSERT QUERY NO: 16 */
INSERT INTO ProductModelProductDescription(PRODUCTMODELID, PRODUCTDESCRIPTIONID, Culture)
VALUES
(
3, 249, 'en'
);

/* INSERT QUERY NO: 17 */
INSERT INTO ProductModelProductDescription(PRODUCTMODELID, PRODUCTDESCRIPTIONID, Culture)
VALUES
(
1, 209, 'en'
);

/* INSERT QUERY NO: 18 */
INSERT INTO ProductModelProductDescription(PRODUCTMODELID, PRODUCTDESCRIPTIONID, Culture)
VALUES
(
4, 594, 'en'
);

/* INSERT QUERY NO: 19 */
INSERT INTO ProductModelProductDescription(PRODUCTMODELID, PRODUCTDESCRIPTIONID, Culture)
VALUES
(
5, 554, 'en'
);

/* INSERT QUERY NO: 20 */
INSERT INTO ProductModelProductDescription(PRODUCTMODELID, PRODUCTDESCRIPTIONID, Culture)
VALUES
(
6, 513, 'en'
);

/* INSERT QUERY NO: 21 */
INSERT INTO ProductModelProductDescription(PRODUCTMODELID, PRODUCTDESCRIPTIONID, Culture)
VALUES
(
3, 170, 'en'
);

/* INSERT QUERY NO: 22 */
INSERT INTO ProductModelProductDescription(PRODUCTMODELID, PRODUCTDESCRIPTIONID, Culture)
VALUES
(
4, 321, 'en'
);

/* INSERT QUERY NO: 23 */
INSERT INTO ProductModelProductDescription(PRODUCTMODELID, PRODUCTDESCRIPTIONID, Culture)
VALUES
(
1, 375, 'en'
);

/* INSERT QUERY NO: 24 */
INSERT INTO ProductModelProductDescription(PRODUCTMODELID, PRODUCTDESCRIPTIONID, Culture)
VALUES
(
2, 686, 'en'
);

/* INSERT QUERY NO: 25 */
INSERT INTO ProductModelProductDescription(PRODUCTMODELID, PRODUCTDESCRIPTIONID, Culture)
VALUES
(
4, 692, 'en'
);

INSERT INTO ProductModelProductDescription(PRODUCTMODELID, PRODUCTDESCRIPTIONID, Culture)
VALUES(5, 687, 'en');

INSERT INTO ProductModelProductDescription(PRODUCTMODELID, PRODUCTDESCRIPTIONID, Culture)
VALUES(6, 688, 'en');

INSERT INTO ProductModelProductDescription(PRODUCTMODELID, PRODUCTDESCRIPTIONID, Culture)
VALUES(4, 703, 'en');

INSERT INTO ProductModelProductDescription(PRODUCTMODELID, PRODUCTDESCRIPTIONID, Culture)
VALUES(8, 704, 'en');

INSERT INTO ProductModelProductDescription(PRODUCTMODELID, PRODUCTDESCRIPTIONID, Culture)
VALUES(9, 689, 'en');

INSERT INTO ProductModelProductDescription(PRODUCTMODELID, PRODUCTDESCRIPTIONID, Culture)
VALUES(5, 690, 'en');


/*--------------------------------ProductCategory-------------------------------*/

INSERT INTO PRODUCTCATEGORY(PRODUCTCATEGORYID, PARENTPRODUCTCATEGORYID, NAME_C)
VALUES(1, null, 'Bikes');

INSERT INTO PRODUCTCATEGORY(PRODUCTCATEGORYID, PARENTPRODUCTCATEGORYID, NAME_C)
VALUES(2, null, 'Components');

INSERT INTO PRODUCTCATEGORY(PRODUCTCATEGORYID, PARENTPRODUCTCATEGORYID, NAME_C)
VALUES(3, null, 'Clothing');

INSERT INTO PRODUCTCATEGORY(PRODUCTCATEGORYID, PARENTPRODUCTCATEGORYID, NAME_C)
VALUES(4, null, 'Accessories');

INSERT INTO PRODUCTCATEGORY(PRODUCTCATEGORYID, PARENTPRODUCTCATEGORYID, NAME_C)
VALUES(5, '1', 'Mountain Bikes');

INSERT INTO PRODUCTCATEGORY(PRODUCTCATEGORYID, PARENTPRODUCTCATEGORYID, NAME_C)
VALUES(6, '1', 'Road Bikes');

INSERT INTO PRODUCTCATEGORY(PRODUCTCATEGORYID, PARENTPRODUCTCATEGORYID, NAME_C)
VALUES(7, '1', 'Touring Bikes');

INSERT INTO PRODUCTCATEGORY(PRODUCTCATEGORYID, PARENTPRODUCTCATEGORYID, NAME_C)
VALUES(8, '2', 'Handlebars');

INSERT INTO PRODUCTCATEGORY(PRODUCTCATEGORYID, PARENTPRODUCTCATEGORYID, NAME_C)
VALUES(9, '2', 'Bottom Brackets');

INSERT INTO PRODUCTCATEGORY(PRODUCTCATEGORYID, PARENTPRODUCTCATEGORYID, NAME_C)
VALUES(10, '2', 'Brakes');

INSERT INTO PRODUCTCATEGORY(PRODUCTCATEGORYID, PARENTPRODUCTCATEGORYID, NAME_C)
VALUES(11, '2', 'Chains');

INSERT INTO PRODUCTCATEGORY(PRODUCTCATEGORYID, PARENTPRODUCTCATEGORYID, NAME_C)
VALUES(12, '2', 'Cranksets');

INSERT INTO PRODUCTCATEGORY(PRODUCTCATEGORYID, PARENTPRODUCTCATEGORYID, NAME_C)
VALUES(13, '2', 'Derailleurs');

INSERT INTO PRODUCTCATEGORY(PRODUCTCATEGORYID, PARENTPRODUCTCATEGORYID, NAME_C)
VALUES(14, '2', 'Forks');

INSERT INTO PRODUCTCATEGORY(PRODUCTCATEGORYID, PARENTPRODUCTCATEGORYID, NAME_C)
VALUES(15, '2', 'Headsets');

INSERT INTO PRODUCTCATEGORY(PRODUCTCATEGORYID, PARENTPRODUCTCATEGORYID, NAME_C)
VALUES(16, '2', 'Mountain Frames');

INSERT INTO PRODUCTCATEGORY(PRODUCTCATEGORYID, PARENTPRODUCTCATEGORYID, NAME_C)
VALUES(17, '2', 'Pedals');

INSERT INTO PRODUCTCATEGORY(PRODUCTCATEGORYID, PARENTPRODUCTCATEGORYID, NAME_C)
VALUES(18, '2', 'Road Frames');

INSERT INTO PRODUCTCATEGORY(PRODUCTCATEGORYID, PARENTPRODUCTCATEGORYID, NAME_C)
VALUES(19, '2', 'Saddles');

INSERT INTO PRODUCTCATEGORY(PRODUCTCATEGORYID, PARENTPRODUCTCATEGORYID, NAME_C)
VALUES(20, '2', 'Touring Frames');

INSERT INTO PRODUCTCATEGORY(PRODUCTCATEGORYID, PARENTPRODUCTCATEGORYID, NAME_C)
VALUES(21, '2', 'Wheels');

INSERT INTO PRODUCTCATEGORY(PRODUCTCATEGORYID, PARENTPRODUCTCATEGORYID, NAME_C)
VALUES(22, '3', 'Bib-Shorts');

INSERT INTO PRODUCTCATEGORY(PRODUCTCATEGORYID, PARENTPRODUCTCATEGORYID, NAME_C)
VALUES(23, '3', 'Caps');

INSERT INTO PRODUCTCATEGORY(PRODUCTCATEGORYID, PARENTPRODUCTCATEGORYID, NAME_C)
VALUES(24, '3', 'Gloves');

INSERT INTO PRODUCTCATEGORY(PRODUCTCATEGORYID, PARENTPRODUCTCATEGORYID, NAME_C)
VALUES(25, '3', 'Jerseys');

INSERT INTO PRODUCTCATEGORY(PRODUCTCATEGORYID, PARENTPRODUCTCATEGORYID, NAME_C)
VALUES(26, '3', 'Shorts');

INSERT INTO PRODUCTCATEGORY(PRODUCTCATEGORYID, PARENTPRODUCTCATEGORYID, NAME_C)
VALUES(27, '3', 'Socks');

INSERT INTO PRODUCTCATEGORY(PRODUCTCATEGORYID, PARENTPRODUCTCATEGORYID, NAME_C)
VALUES(28, '3', 'Tights');

INSERT INTO PRODUCTCATEGORY(PRODUCTCATEGORYID, PARENTPRODUCTCATEGORYID, NAME_C)
VALUES(29, '3', 'Vests');

INSERT INTO PRODUCTCATEGORY(PRODUCTCATEGORYID, PARENTPRODUCTCATEGORYID, NAME_C)
VALUES(30, '4', 'Bike Racks');

INSERT INTO PRODUCTCATEGORY(PRODUCTCATEGORYID, PARENTPRODUCTCATEGORYID, NAME_C)
VALUES(31, '4', 'Bike Stands');

INSERT INTO PRODUCTCATEGORY(PRODUCTCATEGORYID, PARENTPRODUCTCATEGORYID, NAME_C)
VALUES(32, '4', 'Bottles and Cages');

INSERT INTO PRODUCTCATEGORY(PRODUCTCATEGORYID, PARENTPRODUCTCATEGORYID, NAME_C)
VALUES(33, '4', 'Cleaners');

INSERT INTO PRODUCTCATEGORY(PRODUCTCATEGORYID, PARENTPRODUCTCATEGORYID, NAME_C)
VALUES(34, '4', 'Fenders');

INSERT INTO PRODUCTCATEGORY(PRODUCTCATEGORYID, PARENTPRODUCTCATEGORYID, NAME_C)
VALUES(35, '4', 'Helmets');

INSERT INTO PRODUCTCATEGORY(PRODUCTCATEGORYID, PARENTPRODUCTCATEGORYID, NAME_C)
VALUES(36, '4', 'Hydration Packs');

INSERT INTO PRODUCTCATEGORY(PRODUCTCATEGORYID, PARENTPRODUCTCATEGORYID, NAME_C)
VALUES(37, '4', 'Lights');

INSERT INTO PRODUCTCATEGORY(PRODUCTCATEGORYID, PARENTPRODUCTCATEGORYID, NAME_C)
VALUES(38, '4', 'Locks');

INSERT INTO PRODUCTCATEGORY(PRODUCTCATEGORYID, PARENTPRODUCTCATEGORYID, NAME_C)
VALUES(39, '4', 'Panniers');

INSERT INTO PRODUCTCATEGORY(PRODUCTCATEGORYID, PARENTPRODUCTCATEGORYID, NAME_C)
VALUES(40, '4', 'Pumps');

INSERT INTO PRODUCTCATEGORY(PRODUCTCATEGORYID, PARENTPRODUCTCATEGORYID, NAME_C)
VALUES(41, '4', 'Tires and Tubes');

/*--------------------------------Product-------------------------------*/

INSERT INTO PRODUCT(ProductID, NAME_P, ProductNumber, Color, StandardCost, ListPrice, Sze, Weight, PRODUCTCATEGORYID, ProductModelID, SellStartDate, SellEndDate, DISCONTINUEDDATE, THUMBNAILPHOTOFILENAME)
VALUES(680, 'HL Road Frame - Black ,  58', 'FR-R92B-58', 'Black', 1059.31, 1431.5, 58, 1016.04, 18, 6, TO_DATE('01-Jun-1998','DD-MM-YYYY'), null, null, null);

INSERT INTO PRODUCT(ProductID, NAME_P, ProductNumber, Color, StandardCost, ListPrice, Sze, Weight, PRODUCTCATEGORYID, ProductModelID, SellStartDate, SellEndDate, DISCONTINUEDDATE, THUMBNAILPHOTOFILENAME)
VALUES(706, 'HL Road Frame - Red, 58', 'FR-R92R-58', 'Red', 1059.31, 1431.5, 58, 1016.04, 18, 6, TO_DATE('01-Jun-1998','DD-MM-YY'), null, null, null);

INSERT INTO PRODUCT(ProductID, NAME_P, ProductNumber, Color, StandardCost, ListPrice, Sze, Weight, PRODUCTCATEGORYID, ProductModelID, SellStartDate, SellEndDate, DISCONTINUEDDATE, THUMBNAILPHOTOFILENAME)
VALUES (707, 'Sport-100 Helmet,  Red', 'HL-U509-R', 'Red', 13.09, 34.99, 0, 0, 35, 3, TO_DATE('01-Jul-2001','DD-MM-YY'), null, null, null);

INSERT INTO PRODUCT(ProductID, NAME_P, ProductNumber, Color, StandardCost, ListPrice, Sze, Weight, PRODUCTCATEGORYID, ProductModelID, SellStartDate, SellEndDate, DISCONTINUEDDATE, THUMBNAILPHOTOFILENAME)
VALUES(708, 'Sport-100 Helmet, Black', 'HL-U509', 'Black', 13.09, 34.99, 0, 0, 35, 3, TO_DATE('01-Jul-2001','DD-MM-YY'), null, null, null);

INSERT INTO PRODUCT(ProductID, NAME_P, ProductNumber, Color, StandardCost, ListPrice, Sze, Weight, PRODUCTCATEGORYID, ProductModelID, SellStartDate, SellEndDate, DISCONTINUEDDATE, THUMBNAILPHOTOFILENAME)
VALUES(709, 'Mountain Bike Socks,  M', 'SO-B909-M', 'White', 3.4, 9.5, 'M', null, 27, 8, TO_DATE('01-Jul-2001','DD-MM-YY'), null, null, null);

INSERT INTO PRODUCT(ProductID, NAME_P, ProductNumber, Color, StandardCost, ListPrice, Sze, Weight, PRODUCTCATEGORYID, ProductModelID, SellStartDate, SellEndDate, DISCONTINUEDDATE, THUMBNAILPHOTOFILENAME)
VALUES(710, 'Mountain Bike Socks,  L', 'SO-B909-L', 'White', 3.4, 9.5, 0, 0, 27, 8, TO_DATE('01-Jul-2001','DD-MM-YY'), null, null, null);

INSERT INTO PRODUCT(ProductID, NAME_P, ProductNumber, Color, StandardCost, ListPrice, Sze, Weight, PRODUCTCATEGORYID, ProductModelID, SellStartDate, SellEndDate, DISCONTINUEDDATE, THUMBNAILPHOTOFILENAME)
VALUES (711, 'Sport-100 Helmet,  Blue', 'HL-U509-B', 'Blue', 13.09, 34.99, 0, 0, 35, 3, TO_DATE('01-Jul-2001','DD-MM-YY'), null, null, null);

INSERT INTO PRODUCT(ProductID, NAME_P, ProductNumber, Color, StandardCost, ListPrice, Sze, Weight, PRODUCTCATEGORYID, ProductModelID, SellStartDate, SellEndDate, DISCONTINUEDDATE, THUMBNAILPHOTOFILENAME)
VALUES(712, 'AWC Logo Cap', 'CA-1098', 'Multi', 6.92, 8.99, null, null, 23, 2, TO_DATE('01-Jul-2001','DD-MM-YY'), null, null, null);

INSERT INTO PRODUCT(ProductID, NAME_P, ProductNumber, Color, StandardCost, ListPrice, Sze, Weight, PRODUCTCATEGORYID, ProductModelID, SellStartDate, SellEndDate, DISCONTINUEDDATE, THUMBNAILPHOTOFILENAME)
VALUES(713, 'Long-Sleeve Logo Jersey,  S', 'LJ-0192-S', 'Multi', 38.49, 49.99, 0, 0, 5, 1, TO_DATE('01-Jul-2001','DD-MM-YY'), null, null, null);

INSERT INTO PRODUCT(ProductID, NAME_P, ProductNumber, Color, StandardCost, ListPrice, Sze, Weight, PRODUCTCATEGORYID, ProductModelID, SellStartDate, SellEndDate, DISCONTINUEDDATE, THUMBNAILPHOTOFILENAME)
VALUES(714, 'Long-Sleeve Logo Jersey,  M', 'LJ-0192-M', 'Multi', 38.49, 49.99, 0, 0, 5, 1, TO_DATE('01-Jul-2001','DD-MM-YY'), null, null, null);

INSERT INTO PRODUCT(ProductID, NAME_P, ProductNumber, Color, StandardCost, ListPrice, Sze, Weight, PRODUCTCATEGORYID, ProductModelID, SellStartDate, SellEndDate, DISCONTINUEDDATE, THUMBNAILPHOTOFILENAME)
VALUES(715, 'Long-Sleeve Logo Jersey,  L', 'LJ-0192-L', 'Multi', 38.49, 49.99, 0, 0, 5, 1, TO_DATE('01-Jul-2001','DD-MM-YY'), null, null, null);

INSERT INTO PRODUCT(ProductID, NAME_P, ProductNumber, Color, StandardCost, ListPrice, Sze, Weight, PRODUCTCATEGORYID, ProductModelID, SellStartDate, SellEndDate, DISCONTINUEDDATE, THUMBNAILPHOTOFILENAME)
VALUES (716, 'Long-Sleeve Logo Jersey,  XL', 'LJ-0192-X', 'Multi', 38.49, 49.99, 0, 0, 5, 1, TO_DATE('01-Jul-2001','DD-MM-YY'), null, null, null);

INSERT INTO PRODUCT(ProductID, NAME_P, ProductNumber, Color, StandardCost, ListPrice, Sze, Weight, PRODUCTCATEGORYID, ProductModelID, SellStartDate, SellEndDate, DISCONTINUEDDATE, THUMBNAILPHOTOFILENAME)
VALUES(717, 'HL Road Frame - Red,  62', 'FR-R92R-62', 'Red', 868.63, 1431.5, 62, 1043.26, 8, 6, TO_DATE('01-Jul-2001','DD-MM-YY'), null, null, null);

INSERT INTO PRODUCT(ProductID, NAME_P, ProductNumber, Color, StandardCost, ListPrice, Sze, Weight, PRODUCTCATEGORYID, ProductModelID, SellStartDate, SellEndDate, DISCONTINUEDDATE, THUMBNAILPHOTOFILENAME)
VALUES(718, 'HL Road Frame - Red,  44', 'FR-R92R-44', 'Red', 868.63, 1431.5, 44, 961.61, 8, 6, TO_DATE('01-Jul-2001','DD-MM-YY'), null, null, null);

INSERT INTO PRODUCT(ProductID, NAME_P, ProductNumber, Color, StandardCost, ListPrice, Sze, Weight, PRODUCTCATEGORYID, ProductModelID, SellStartDate, SellEndDate, DISCONTINUEDDATE, THUMBNAILPHOTOFILENAME)
VALUES(719, 'HL Road Frame - Red,  48', 'FR-R92R-48', 'Red', 868.63, 1431.5, 48, 979.75, 8, 6, TO_DATE('01-Jul-2001','DD-MM-YY'), null, null, null);

INSERT INTO PRODUCT(ProductID, NAME_P, ProductNumber, Color, StandardCost, ListPrice, Sze, Weight, PRODUCTCATEGORYID, ProductModelID, SellStartDate, SellEndDate, DISCONTINUEDDATE, THUMBNAILPHOTOFILENAME)
VALUES(720, 'HL Road Frame - Red,  52', 'FR-R92R-52', 'Red', 868.63, 1431.5, 52, 997.9, 8, 6, TO_DATE('01-Jul-2001','DD-MM-YY'), null, null, null);

INSERT INTO PRODUCT(ProductID, NAME_P, ProductNumber, Color, StandardCost, ListPrice, Sze, Weight, PRODUCTCATEGORYID, ProductModelID, SellStartDate, SellEndDate, DISCONTINUEDDATE, THUMBNAILPHOTOFILENAME)
VALUES(721, 'HL Road Frame - Red,  56', 'FR-R92R-56', 'Red', 868.63, 1431.5, 56, 1016.04, 8, 6, TO_DATE('01-Jul-2001','DD-MM-YY'), null, null, null);

INSERT INTO PRODUCT(ProductID, NAME_P, ProductNumber, Color, StandardCost, ListPrice, Sze, Weight, PRODUCTCATEGORYID, ProductModelID, SellStartDate, SellEndDate, DISCONTINUEDDATE, THUMBNAILPHOTOFILENAME)
VALUES(722, 'LL Road Frame - Black,  58', 'FR-R38B-58', 'Black', 204.63, 337.22, 58, 1115.83, 8, 9, TO_DATE('01-Jul-2001','DD-MM-YY'), null, null, null);

INSERT INTO PRODUCT(ProductID, NAME_P, ProductNumber, Color, StandardCost, ListPrice, Sze, Weight, PRODUCTCATEGORYID, ProductModelID, SellStartDate, SellEndDate, DISCONTINUEDDATE, THUMBNAILPHOTOFILENAME)
VALUES(723, 'LL Road Frame - Black,  60', 'FR-R38B-60', 'Black', 204.63, 337.22, 60, 1124.9, 8, 9, TO_DATE('01-Jul-2001','DD-MM-YY'), null, null, null);

INSERT INTO PRODUCT(ProductID, NAME_P, ProductNumber, Color, StandardCost, ListPrice, Sze, Weight, PRODUCTCATEGORYID, ProductModelID, SellStartDate, SellEndDate, DISCONTINUEDDATE, THUMBNAILPHOTOFILENAME)
VALUES(724, 'LL Road Frame - Black,  62', 'FR-R38B-62', 'Black', 204.63, 337.22, 62, 1133.98, 8, 9, TO_DATE('01-Jul-2001','DD-MM-YY'), null, null, null);

INSERT INTO PRODUCT(ProductID, NAME_P, ProductNumber, Color, StandardCost, ListPrice, Sze, Weight, PRODUCTCATEGORYID, ProductModelID, SellStartDate, SellEndDate, DISCONTINUEDDATE, THUMBNAILPHOTOFILENAME)
VALUES(725, 'LL Road Frame - Red,  44', 'FR-R38R-44', 'Red', 187.16, 337.22, 44, 1052.33, 18, 9, TO_DATE('01-Jul-2001','DD-MM-YY'), null, null, null);

INSERT INTO PRODUCT(ProductID, NAME_P, ProductNumber, Color, StandardCost, ListPrice, Sze, Weight, PRODUCTCATEGORYID, ProductModelID, SellStartDate, SellEndDate, DISCONTINUEDDATE, THUMBNAILPHOTOFILENAME)
VALUES(726, 'LL Road Frame - Red,  48', 'FR-R38R-48', 'Red', 187.16, 337.22, 48, 1070.47, 18, 9, TO_DATE('01-Jul-2001','DD-MM-YY'), null, null, null);

INSERT INTO PRODUCT(ProductID, NAME_P, ProductNumber, Color, StandardCost, ListPrice, Sze, Weight, PRODUCTCATEGORYID, ProductModelID, SellStartDate, SellEndDate, DISCONTINUEDDATE, THUMBNAILPHOTOFILENAME)
VALUES(727, 'LL Road Frame - Red,  52', 'FR-R38R-52', 'Red', 187.16, 337.22, 52, 1088.62, 18, 9, TO_DATE('01-Jul-2001','DD-MM-YY'), null, null, null);

INSERT INTO PRODUCT(ProductID, NAME_P, ProductNumber, Color, StandardCost, ListPrice, Sze, Weight, PRODUCTCATEGORYID, ProductModelID, SellStartDate, SellEndDate, DISCONTINUEDDATE, THUMBNAILPHOTOFILENAME)
VALUES(728, 'LL Road Frame - Red,  58', 'FR-R38R-58', 'Red', 187.16, 337.22, 58, 1115.83, 18, 9, TO_DATE('01-Jul-2001','DD-MM-YY'), null, null, null);

INSERT INTO PRODUCT(ProductID, NAME_P, ProductNumber, Color, StandardCost, ListPrice, Sze, Weight, PRODUCTCATEGORYID, ProductModelID, SellStartDate, SellEndDate, DISCONTINUEDDATE, THUMBNAILPHOTOFILENAME)
VALUES(729, 'LL Road Frame - Red,  60', 'FR-R38R-60', 'Red', 187.16, 337.22, 60, 1124.9, 18, 9, TO_DATE('01-Jul-2001','DD-MM-YY'), null, null, null);

INSERT INTO PRODUCT(ProductID, NAME_P, ProductNumber, Color, StandardCost, ListPrice, Sze, Weight, PRODUCTCATEGORYID, ProductModelID, SellStartDate, SellEndDate, DISCONTINUEDDATE, THUMBNAILPHOTOFILENAME)
VALUES(730, 'LL Road Frame - Red,  62', 'FR-R38R-62', 'Red', 187.16, 337.22, 62, 1133.98, 18, 9, TO_DATE('01-Jul-2001','DD-MM-YY'), null, null, null);

INSERT INTO PRODUCT(ProductID, NAME_P, ProductNumber, Color, StandardCost, ListPrice, Sze, Weight, PRODUCTCATEGORYID, ProductModelID, SellStartDate, SellEndDate, DISCONTINUEDDATE, THUMBNAILPHOTOFILENAME)
VALUES(731, 'ML Road Frame - Red,  44', 'FR-R72R-44', 'Red', 352.14, 594.83, 44, 1006.97, 18, 6, TO_DATE('01-Jul-2001','DD-MM-YY'), null, null, null);

INSERT INTO PRODUCT(ProductID, NAME_P, ProductNumber, Color, StandardCost, ListPrice, Sze, Weight, PRODUCTCATEGORYID, ProductModelID, SellStartDate, SellEndDate, DISCONTINUEDDATE, THUMBNAILPHOTOFILENAME)
VALUES(732, 'ML Road Frame - Red,  48', 'FR-R72R-48', 'Red', 352.14, 594.83, 48, 1025.11, 18, 6, TO_DATE('01-Jul-2001','DD-MM-YY'), null, null, null);

INSERT INTO PRODUCT(ProductID, NAME_P, ProductNumber, Color, StandardCost, ListPrice, Sze, Weight, PRODUCTCATEGORYID, ProductModelID, SellStartDate, SellEndDate, DISCONTINUEDDATE, THUMBNAILPHOTOFILENAME)
VALUES(733, 'ML Road Frame - Red,  52', 'FR-R72R-52', 'Red', 352.14, 594.83, 52, 1043.26, 18, 6, TO_DATE('01-Jul-2001','DD-MM-YY'), null, null, null);

INSERT INTO PRODUCT(ProductID, NAME_P, ProductNumber, Color, StandardCost, ListPrice, Sze, Weight, PRODUCTCATEGORYID, ProductModelID, SellStartDate, SellEndDate, DISCONTINUEDDATE, THUMBNAILPHOTOFILENAME)
VALUES(734, 'ML Road Frame - Red,  58', 'FR-R72R-58', 'Red', 352.14, 594.83, 58, 1070.47, 18, 6, TO_DATE('01-Jul-2001','DD-MM-YY'), null, null, null);

INSERT INTO PRODUCT(ProductID, NAME_P, ProductNumber, Color, StandardCost, ListPrice, Sze, Weight, PRODUCTCATEGORYID, ProductModelID, SellStartDate, SellEndDate, DISCONTINUEDDATE, THUMBNAILPHOTOFILENAME)
VALUES(735, 'ML Road Frame - Red,  60', 'FR-R72R-60', 'Red', 352.14, 594.83, 60, 1079.54, 18, 6, TO_DATE('01-Jul-2001','DD-MM-YY'), null, null, null);

INSERT INTO PRODUCT(ProductID, NAME_P, ProductNumber, Color, StandardCost, ListPrice, Sze, Weight, PRODUCTCATEGORYID, ProductModelID, SellStartDate, SellEndDate, DISCONTINUEDDATE, THUMBNAILPHOTOFILENAME)
VALUES(736, 'LL Road Frame - Black,  44', 'FR-R38B-44', 'Black', 204.63, 337.22, 44, 1052.33, 18, 9, TO_DATE('01-Jul-2001','DD-MM-YY'), null, null, null);

INSERT INTO PRODUCT(ProductID, NAME_P, ProductNumber, Color, StandardCost, ListPrice, Sze, Weight, PRODUCTCATEGORYID, ProductModelID, SellStartDate, SellEndDate, DISCONTINUEDDATE, THUMBNAILPHOTOFILENAME)
VALUES(737, 'LL Road Frame - Black,  48', 'FR-R38B-48', 'Black', 204.63, 337.22, 48, 1070.47, 18, 9, TO_DATE('01-Jul-2001','DD-MM-YY'), null, null, null);

INSERT INTO PRODUCT(ProductID, NAME_P, ProductNumber, Color, StandardCost, ListPrice, Sze, Weight, PRODUCTCATEGORYID, ProductModelID, SellStartDate, SellEndDate, DISCONTINUEDDATE, THUMBNAILPHOTOFILENAME)
VALUES(738, 'LL Road Frame - Black,  52', 'FR-R38B-52', 'Black', 204.63, 337.22, 52, 1088.62, 18, 9, TO_DATE('01-Jul-2001','DD-MM-YY'), null, null, null);

INSERT INTO PRODUCT(ProductID, NAME_P, ProductNumber, Color, StandardCost, ListPrice, Sze, Weight, PRODUCTCATEGORYID, ProductModelID, SellStartDate, SellEndDate, DISCONTINUEDDATE, THUMBNAILPHOTOFILENAME)
VALUES(739, 'HL Mountain Frame - Silver,  42', 'FR-M94S-42', 'Silver', 747.2, 1364.5, 42, 1233.76, 16, 5, TO_DATE('01-Jul-2001','DD-MM-YY'), null, null, null);

INSERT INTO PRODUCT(ProductID, NAME_P, ProductNumber, Color, StandardCost, ListPrice, Sze, Weight, PRODUCTCATEGORYID, ProductModelID, SellStartDate, SellEndDate, DISCONTINUEDDATE, THUMBNAILPHOTOFILENAME)
VALUES(740, 'HL Mountain Frame - Silver,  44', 'FR-M94S-44', 'Silver', 706.81, 1364.5, 44, 1251.91, 16, 5, TO_DATE('01-Jul-2001','DD-MM-YY'), null, null, null);

INSERT INTO PRODUCT(ProductID, NAME_P, ProductNumber, Color, StandardCost, ListPrice, Sze, Weight, PRODUCTCATEGORYID, ProductModelID, SellStartDate, SellEndDate, DISCONTINUEDDATE, THUMBNAILPHOTOFILENAME)
VALUES(741, 'HL Mountain Frame - Silver,  48', 'FR-M94S-52', 'Silver', 706.81, 1364.5, 48, 1270.05, 16, 5, TO_DATE('01-Jul-2001','DD-MM-YY'), null, null, null);

INSERT INTO PRODUCT(ProductID, NAME_P, ProductNumber, Color, StandardCost, ListPrice, Sze, Weight, PRODUCTCATEGORYID, ProductModelID, SellStartDate, SellEndDate, DISCONTINUEDDATE, THUMBNAILPHOTOFILENAME)
VALUES(742, 'HL Mountain Frame - Silver,  46', 'FR-M94S-46', 'Silver', 747.2, 1364.5, 46, 1288.2, 16, 5, TO_DATE('01-Jul-2001','DD-MM-YY'), null, null, null);

INSERT INTO PRODUCT(ProductID, NAME_P, ProductNumber, Color, StandardCost, ListPrice, Sze, Weight, PRODUCTCATEGORYID, ProductModelID, SellStartDate, SellEndDate, DISCONTINUEDDATE, THUMBNAILPHOTOFILENAME)
VALUES(743, 'HL Mountain Frame - Black,  42', 'FR-M94B-42', 'Black', 739.04, 1349.6, 42, 1233.76, 16, 5, TO_DATE('01-Jul-2001','DD-MM-YY'), null, null, null);

INSERT INTO PRODUCT(ProductID, NAME_P, ProductNumber, Color, StandardCost, ListPrice, Sze, Weight, PRODUCTCATEGORYID, ProductModelID, SellStartDate, SellEndDate, DISCONTINUEDDATE, THUMBNAILPHOTOFILENAME)
VALUES(744, 'HL Mountain Frame - Black,  44', 'FR-M94B-44', 'Black', 699.09, 1349.6, 44, 1251.91, 16, 5, TO_DATE('01-Jul-2001','DD-MM-YY'), null, null, null);

INSERT INTO PRODUCT(ProductID, NAME_P, ProductNumber, Color, StandardCost, ListPrice, Sze, Weight, PRODUCTCATEGORYID, ProductModelID, SellStartDate, SellEndDate, DISCONTINUEDDATE, THUMBNAILPHOTOFILENAME)
VALUES(745, 'HL Mountain Frame - Black,  48', 'FR-M94B-48', 'Black', 699.09, 1349.6, 48, 1270.05, 16, 5, TO_DATE('01-Jul-2001','DD-MM-YY'), null, null, null);

INSERT INTO PRODUCT(ProductID, NAME_P, ProductNumber, Color, StandardCost, ListPrice, Sze, Weight, PRODUCTCATEGORYID, ProductModelID, SellStartDate, SellEndDate, DISCONTINUEDDATE, THUMBNAILPHOTOFILENAME)
VALUES(746, 'HL Mountain Frame - Black,  46', 'FR-M94B-46', 'Black', 739.04, 1349.6, 46, 1288.2, 16, 5, TO_DATE('01-Jul-2001','DD-MM-YY'), null, null, null);

INSERT INTO PRODUCT(ProductID, NAME_P, ProductNumber, Color, StandardCost, ListPrice, Sze, Weight, PRODUCTCATEGORYID, ProductModelID, SellStartDate, SellEndDate, DISCONTINUEDDATE, THUMBNAILPHOTOFILENAME)
VALUES(747, 'HL Mountain Frame - Black,  38', 'FR-M94B-38', 'Black', 739.04, 1349.6, 38, 1215.62, 16, 5, TO_DATE('01-Jul-2001','DD-MM-YY'), null, null, null);

INSERT INTO PRODUCT(ProductID, NAME_P, ProductNumber, Color, StandardCost, ListPrice, Sze, Weight, PRODUCTCATEGORYID, ProductModelID, SellStartDate, SellEndDate, DISCONTINUEDDATE, THUMBNAILPHOTOFILENAME)
VALUES(748, 'HL Mountain Frame - Silver,  38', 'FR-M94S-38', 'Silver', 747.2, 1364.5, 38, 1215.62, 16, 5, TO_DATE('01-Jul-2001','DD-MM-YY'), null, null, null);

INSERT INTO PRODUCT(ProductID, NAME_P, ProductNumber, Color, StandardCost, ListPrice, Sze, Weight, PRODUCTCATEGORYID, ProductModelID, SellStartDate, SellEndDate, DISCONTINUEDDATE, THUMBNAILPHOTOFILENAME)
VALUES(749, 'Road-150 Red,  62', 'BK-R93R-62', 'Red', 2171.29, 3578.27, 62, 6803.85, 6, 10, TO_DATE('01-Jul-2001','DD-MM-YY'), null, null, null);

INSERT INTO PRODUCT(ProductID, NAME_P, ProductNumber, Color, StandardCost, ListPrice, Sze, Weight, PRODUCTCATEGORYID, ProductModelID, SellStartDate, SellEndDate, DISCONTINUEDDATE, THUMBNAILPHOTOFILENAME)
VALUES(750, 'Road-150 Red,  44', 'BK-R93R-44', 'Red', 2171.29, 3578.27, 44, 6245.93, 6, 10, TO_DATE('01-Jul-2001','DD-MM-YY'), null, null, null);

INSERT INTO PRODUCT(ProductID, NAME_P, ProductNumber, Color, StandardCost, ListPrice, Sze, Weight, PRODUCTCATEGORYID, ProductModelID, SellStartDate, SellEndDate, DISCONTINUEDDATE, THUMBNAILPHOTOFILENAME)
VALUES(751, 'Road-150 Red,  48', 'BK-R93R-48', 'Red', 2171.29, 3578.27, 48, 6409.23, 6, 10, TO_DATE('01-Jul-2001','DD-MM-YY'), null, null, null);

INSERT INTO PRODUCT(ProductID, NAME_P, ProductNumber, Color, StandardCost, ListPrice, Sze, Weight, PRODUCTCATEGORYID, ProductModelID, SellStartDate, SellEndDate, DISCONTINUEDDATE, THUMBNAILPHOTOFILENAME)
VALUES(752, 'Road-150 Red,  52', 'BK-R93R-52', 'Red', 2171.29, 3578.27, 52, 6540.77, 6, 5, TO_DATE('01-Jul-2001','DD-MM-YY'), null, null, null);

INSERT INTO PRODUCT(ProductID, NAME_P, ProductNumber, Color, StandardCost, ListPrice, Sze, Weight, PRODUCTCATEGORYID, ProductModelID, SellStartDate, SellEndDate, DISCONTINUEDDATE, THUMBNAILPHOTOFILENAME)
VALUES(753, 'Road-150 Red,  56', 'BK-R93R-56', 'Red', 2171.29, 3578.27, 56, 6658.7, 6, 5, TO_DATE('01-Jul-2001','DD-MM-YY'), null, null, null);

INSERT INTO PRODUCT(ProductID, NAME_P, ProductNumber, Color, StandardCost, ListPrice, Sze, Weight, PRODUCTCATEGORYID, ProductModelID, SellStartDate, SellEndDate, DISCONTINUEDDATE, THUMBNAILPHOTOFILENAME)
VALUES(754, 'Road-450 Red,  58', 'BK-R68R-58', 'Red', 884.71, 1457.99, 58, 8069.37, 6, 8, TO_DATE('01-Jul-2001','DD-MM-YY'), null, null, null);

/*--------------------------------SalesOrderHeader-------------------------------*/

INSERT INTO SALESORDERHEADER(SalesOrderID, RevisionNumber, OrderDate, DueDate, ShipDate, Status, ONLINEORDERFLAG, SALESSORDERNUMBER, PURCHASEORDERNUMBER, AccountNumber, CustomerID, SHIPTOADDRESSID, BILLTOADDRESSID, ShipMethod, CREDITCARDAPPROVALCODE, SubTotal, TaxAmt, Freight, Commnt)
VALUES(71915, 1, TO_DATE('01-Jun-2004','DD-MM-YY'), TO_DATE('13-Jun-2004','DD-MM-YY'), TO_DATE('08-Jun-2004','DD-MM-YY'), 5, 0, 'SO71915', 'PO2349143275', '10-4020-000006', 6, 445, 445, 'CARGO TRANSPORT 5', null, 2137.23,170.98,53.43,2361.6403);

INSERT INTO SALESORDERHEADER(SalesOrderID, RevisionNumber, OrderDate, DueDate, ShipDate, Status, ONLINEORDERFLAG, SALESSORDERNUMBER, PURCHASEORDERNUMBER, AccountNumber, CustomerID, SHIPTOADDRESSID, BILLTOADDRESSID, ShipMethod, CREDITCARDAPPROVALCODE, SubTotal, TaxAmt, Freight, Commnt)
VALUES(71938, 1, TO_DATE('01-Jun-2004','DD-MM-YY'), TO_DATE('13-Jun-2004','DD-MM-YY'), TO_DATE('08-Jun-2004','DD-MM-YY'), 5, 0, 'SO71938', 'PO8468183315', '10-4020-000016', 16, 11, 11, 'CARGO TRANSPORT 5', null, 88812.86,7105.03,2220.32,98138.2131);

INSERT INTO SALESORDERHEADER(SalesOrderID, RevisionNumber, OrderDate, DueDate, ShipDate, Status, ONLINEORDERFLAG, SALESSORDERNUMBER, PURCHASEORDERNUMBER, AccountNumber, CustomerID, SHIPTOADDRESSID, BILLTOADDRESSID, ShipMethod, CREDITCARDAPPROVALCODE, SubTotal, TaxAmt, Freight, Commnt)
VALUES(71783, 1, TO_DATE('01-Jun-2004','DD-MM-YY'), TO_DATE('13-Jun-2004','DD-MM-YY'), TO_DATE('08-Jun-2004','DD-MM-YY'), 5, 0, 'SO71783', 'PO19343113609', '10-4020-000024', 24, 28, 28, 'CARGO TRANSPORT 5', null, 83858.43,6708.67,2096.46,92663.5609);

INSERT INTO SALESORDERHEADER(SalesOrderID, RevisionNumber, OrderDate, DueDate, ShipDate, Status, ONLINEORDERFLAG, SALESSORDERNUMBER, PURCHASEORDERNUMBER, AccountNumber, CustomerID, SHIPTOADDRESSID, BILLTOADDRESSID, ShipMethod, CREDITCARDAPPROVALCODE, SubTotal, TaxAmt, Freight, Commnt)
VALUES(71899, 1, TO_DATE('01-Jun-2004','DD-MM-YY'), TO_DATE('13-Jun-2004','DD-MM-YY'), TO_DATE('08-Jun-2004','DD-MM-YY'), 5, 0, 'SO71899', 'PO4582142611', '10-4020-000025', 25, 185, 185, 'CARGO TRANSPORT 5', null, 2415.67,193.25,60.39,2669.3183);

INSERT INTO SALESORDERHEADER(SalesOrderID, RevisionNumber, OrderDate, DueDate, ShipDate, Status, ONLINEORDERFLAG, SALESSORDERNUMBER, PURCHASEORDERNUMBER, AccountNumber, CustomerID, SHIPTOADDRESSID, BILLTOADDRESSID, ShipMethod, CREDITCARDAPPROVALCODE, SubTotal, TaxAmt, Freight, Commnt)
VALUES(71898, 1, TO_DATE('01-Jun-2004','DD-MM-YY'), TO_DATE('13-Jun-2004','DD-MM-YY'), TO_DATE('08-Jun-2004','DD-MM-YY'), 5, 0, 'SO71898', 'PO5713190501', '10-4020-000052', 52, 446, 446, 'CARGO TRANSPORT 5', null, 63980.99,5118.48,1599.52,70698.9922);

INSERT INTO SALESORDERHEADER(SalesOrderID, RevisionNumber, OrderDate, DueDate, ShipDate, Status, ONLINEORDERFLAG, SALESSORDERNUMBER, PURCHASEORDERNUMBER, AccountNumber, CustomerID, SHIPTOADDRESSID, BILLTOADDRESSID, ShipMethod, CREDITCARDAPPROVALCODE, SubTotal, TaxAmt, Freight, Commnt)
VALUES(71902, 1, TO_DATE('01-Jun-2004','DD-MM-YY'),TO_DATE('13-Jun-2004','DD-MM-YY'), TO_DATE('08-Jun-2004','DD-MM-YY'), 5, 0, 'SO71902', 'PO5539125166', '10-4020-000061', 61, 448, 448, 'CARGO TRANSPORT 5', null, 74058.81,5924.7,1851.47,81834.9826);

INSERT INTO SALESORDERHEADER(SalesOrderID, RevisionNumber, OrderDate, DueDate, ShipDate, Status, ONLINEORDERFLAG, SALESSORDERNUMBER, PURCHASEORDERNUMBER, AccountNumber, CustomerID, SHIPTOADDRESSID, BILLTOADDRESSID, ShipMethod, CREDITCARDAPPROVALCODE, SubTotal, TaxAmt, Freight, Commnt)
VALUES(71774, 1, TO_DATE('01-Jun-2004','DD-MM-YY'), TO_DATE('13-Jun-2004','DD-MM-YY'), TO_DATE('08-Jun-2004','DD-MM-YY'), 5, 0, 'SO71774', 'PO348186287', '10-4020-000609', 7, 449, 449, 'CARGO TRANSPORT 5', null, 880.35,70.43,22.01,972.785);

INSERT INTO SALESORDERHEADER(SalesOrderID, RevisionNumber, OrderDate, DueDate, ShipDate, Status, ONLINEORDERFLAG, SALESSORDERNUMBER, PURCHASEORDERNUMBER, AccountNumber, CustomerID, SHIPTOADDRESSID, BILLTOADDRESSID, ShipMethod, CREDITCARDAPPROVALCODE, SubTotal, TaxAmt, Freight, Commnt)
VALUES(71776, 1, TO_DATE('01-Jun-2004','DD-MM-YY'), TO_DATE('13-Jun-2004','DD-MM-YY'), TO_DATE('08-Jun-2004','DD-MM-YY'), 5, 0, 'SO71776', 'PO19952192051', '10-4020-000106', 7, 452, 452, 'CARGO TRANSPORT 5', null, 78.81,6.3,1.97,87.0851);

INSERT INTO SALESORDERHEADER(SalesOrderID, RevisionNumber, OrderDate, DueDate, ShipDate, Status, ONLINEORDERFLAG, SALESSORDERNUMBER, PURCHASEORDERNUMBER, AccountNumber, CustomerID, SHIPTOADDRESSID, BILLTOADDRESSID, ShipMethod, CREDITCARDAPPROVALCODE, SubTotal, TaxAmt, Freight, Commnt)
VALUES(71780, 1, TO_DATE('01-Jun-2004','DD-MM-YY'), TO_DATE('13-Jun-2004','DD-MM-YY'), TO_DATE('08-Jun-2004','DD-MM-YY'), 5, 0, 'SO71780', 'PO19604173239', '10-4020-000340', 34, 185, 185, 'CARGO TRANSPORT 5', null, 38418.69,3073.5,960.47,42452.6519);

INSERT INTO SALESORDERHEADER(SalesOrderID, RevisionNumber, OrderDate, DueDate, ShipDate, Status, ONLINEORDERFLAG, SALESSORDERNUMBER, PURCHASEORDERNUMBER, AccountNumber, CustomerID, SHIPTOADDRESSID, BILLTOADDRESSID, ShipMethod, CREDITCARDAPPROVALCODE, SubTotal, TaxAmt, Freight, Commnt)
VALUES(71782, 1, TO_DATE('01-Jun-2004','DD-MM-YY'), TO_DATE('13-Jun-2004','DD-MM-YY'), TO_DATE('08-Jun-2004','DD-MM-YY'), 5, 0, 'SO71782', 'PO19372114749', '10-4020-000582', 34, 28, 28, 'CARGO TRANSPORT 5', null, 39785.33,3182.83,994.63,43962.7901);

INSERT INTO SALESORDERHEADER(SalesOrderID, RevisionNumber, OrderDate, DueDate, ShipDate, Status, ONLINEORDERFLAG, SALESSORDERNUMBER, PURCHASEORDERNUMBER, AccountNumber, CustomerID, SHIPTOADDRESSID, BILLTOADDRESSID, ShipMethod, CREDITCARDAPPROVALCODE, SubTotal, TaxAmt, Freight, Commnt)
VALUES(71784, 1, TO_DATE('01-Jun-2004','DD-MM-YY'), TO_DATE('13-Jun-2004','DD-MM-YY'), TO_DATE('08-Jun-2004','DD-MM-YY'), 5, 0, 'SO71784', 'PO19285135919', '10-4020-000448', 24, 470, 470, 'CARGO TRANSPORT 5', null, 108561.83,8684.95,2714.05,119960.824);

INSERT INTO SALESORDERHEADER(SalesOrderID, RevisionNumber, OrderDate, DueDate, ShipDate, Status, ONLINEORDERFLAG, SALESSORDERNUMBER, PURCHASEORDERNUMBER, AccountNumber, CustomerID, SHIPTOADDRESSID, BILLTOADDRESSID, ShipMethod, CREDITCARDAPPROVALCODE, SubTotal, TaxAmt, Freight, Commnt)
VALUES(71796, 1, TO_DATE('01-Jun-2004','DD-MM-YY'), TO_DATE('13-Jun-2004','DD-MM-YY'), TO_DATE('08-Jun-2004','DD-MM-YY'), 5, 0, 'SO71796', 'PO17052159664', '10-4020-000420', 7, 465, 465, 'CARGO TRANSPORT 5', null, 57634.63,4610.77,1440.87,63686.2708);

INSERT INTO SALESORDERHEADER(SalesOrderID, RevisionNumber, OrderDate, DueDate, ShipDate, Status, ONLINEORDERFLAG, SALESSORDERNUMBER, PURCHASEORDERNUMBER, AccountNumber, CustomerID, SHIPTOADDRESSID, BILLTOADDRESSID, ShipMethod, CREDITCARDAPPROVALCODE, SubTotal, TaxAmt, Freight, Commnt)
VALUES(71797, 1, TO_DATE('01-Jun-2004','DD-MM-YY'), TO_DATE('13-Jun-2004','DD-MM-YY'), TO_DATE('08-Jun-2004','DD-MM-YY'), 5, 0, 'SO71797', 'PO16501134889', '10-4020-000142', 1, 467, 467, 'CARGO TRANSPORT 5', null, 78029.69,6242.38,1950.74,86222.8072);

/*--------------------------------SalesOrderDetail-------------------------------*/

INSERT INTO SALESORDERDETAIL(SalesOrderID, SALESORDERDETAILID, OrderQty, ProductID, UnitPrice, UNITPRICEDISCOUNT)
VALUES(71780, 110619, 2, 748, 818.7, 0);

INSERT INTO SALESORDERDETAIL(SalesOrderID, SALESORDERDETAILID, OrderQty, ProductID, UnitPrice, UNITPRICEDISCOUNT)
VALUES(71780, 110622, 1, 743, 809.76, 0);

INSERT INTO SALESORDERDETAIL(SalesOrderID, SALESORDERDETAILID, OrderQty, ProductID, UnitPrice, UNITPRICEDISCOUNT)
VALUES(71782, 110709, 3, 706, 20.99, 0);

INSERT INTO SALESORDERDETAIL(SalesOrderID, SALESORDERDETAILID, OrderQty, ProductID, UnitPrice, UNITPRICEDISCOUNT)
VALUES(71782, 110667, 3, 712, 29.99, 0);

INSERT INTO SALESORDERDETAIL(SalesOrderID, SALESORDERDETAILID, OrderQty, ProductID, UnitPrice, UNITPRICEDISCOUNT)
VALUES(71782, 110670, 10, 712, 5.39, 0);

INSERT INTO SALESORDERDETAIL(SalesOrderID, SALESORDERDETAILID, OrderQty, ProductID, UnitPrice, UNITPRICEDISCOUNT)
VALUES(71782, 110686, 8, 717, 29.99, 0);

INSERT INTO SALESORDERDETAIL(SalesOrderID, SALESORDERDETAILID, OrderQty, ProductID, UnitPrice, UNITPRICEDISCOUNT)
VALUES(71782, 110708, 6, 712, 20.99, 0);

INSERT INTO SALESORDERDETAIL(SalesOrderID, SALESORDERDETAILID, OrderQty, ProductID, UnitPrice, UNITPRICEDISCOUNT)
VALUES(71782, 110690, 7, 706, 20.99, 0);

INSERT INTO SALESORDERDETAIL(SalesOrderID, SALESORDERDETAILID, OrderQty, ProductID, UnitPrice, UNITPRICEDISCOUNT)
VALUES(71783, 110752, 11, 706, 20.29, 0.02);

INSERT INTO SALESORDERDETAIL(SalesOrderID, SALESORDERDETAILID, OrderQty, ProductID, UnitPrice, UNITPRICEDISCOUNT)
VALUES(71783, 110745, 4, 717, 29.99, 0);

INSERT INTO SALESORDERDETAIL(SalesOrderID, SALESORDERDETAILID, OrderQty, ProductID, UnitPrice, UNITPRICEDISCOUNT)
VALUES(71783, 110748, 11, 712, 5.21, 0.02);

INSERT INTO SALESORDERDETAIL(SalesOrderID, SALESORDERDETAILID, OrderQty, ProductID, UnitPrice, UNITPRICEDISCOUNT)
VALUES(71783, 110751, 10, 706, 20.99, 0);

INSERT INTO SALESORDERDETAIL(SalesOrderID, SALESORDERDETAILID, OrderQty, ProductID, UnitPrice, UNITPRICEDISCOUNT)
VALUES(71783, 110743, 2, 718, 858.9, 0);

INSERT INTO SALESORDERDETAIL(SalesOrderID, SALESORDERDETAILID, OrderQty, ProductID, UnitPrice, UNITPRICEDISCOUNT)
VALUES(71783, 110717, 6, 712, 29.99, 0);

INSERT INTO SALESORDERDETAIL(SalesOrderID, SALESORDERDETAILID, OrderQty, ProductID, UnitPrice, UNITPRICEDISCOUNT)
VALUES(71783, 110730, 6, 722, 202.33, 0);

INSERT INTO SALESORDERDETAIL(SalesOrderID, SALESORDERDETAILID, OrderQty, ProductID, UnitPrice, UNITPRICEDISCOUNT)
VALUES(71783, 110749, 15, 706, 19.24, 0.05);

INSERT INTO SALESORDERDETAIL(SalesOrderID, SALESORDERDETAILID, OrderQty, ProductID, UnitPrice, UNITPRICEDISCOUNT)
VALUES(71783, 110710, 4, 738, 202.33, 0);

INSERT INTO SALESORDERDETAIL(SalesOrderID, SALESORDERDETAILID, OrderQty, ProductID, UnitPrice, UNITPRICEDISCOUNT)
VALUES(71783, 110744, 17, 719, 27.49, 0.05);

INSERT INTO SALESORDERDETAIL(SalesOrderID, SALESORDERDETAILID, OrderQty, ProductID, UnitPrice, UNITPRICEDISCOUNT)
VALUES
(71784, 110760, 9, 724, 29.99, 0);

INSERT INTO SALESORDERDETAIL(SalesOrderID, SALESORDERDETAILID, OrderQty, ProductID, UnitPrice, UNITPRICEDISCOUNT)
VALUES(71784, 110786, 8, 725, 29.99, 0);

INSERT INTO SALESORDERDETAIL(SalesOrderID, SALESORDERDETAILID, OrderQty, ProductID, UnitPrice, UNITPRICEDISCOUNT)
VALUES(71784, 110764, 5, 726, 29.99, 0);

INSERT INTO SALESORDERDETAIL(SalesOrderID, SALESORDERDETAILID, OrderQty, ProductID, UnitPrice, UNITPRICEDISCOUNT)
VALUES(71784, 110795, 12, 728, 20.29, 0.02);

INSERT INTO SALESORDERDETAIL(SalesOrderID, SALESORDERDETAILID, OrderQty, ProductID, UnitPrice, UNITPRICEDISCOUNT)
VALUES(71784, 110761, 10, 712, 5.39, 0);

INSERT INTO SALESORDERDETAIL(SalesOrderID, SALESORDERDETAILID, OrderQty, ProductID, UnitPrice, UNITPRICEDISCOUNT)
VALUES(71784, 110794, 10, 727, 20.99, 0);

INSERT INTO SALESORDERDETAIL(SalesOrderID, SALESORDERDETAILID, OrderQty, ProductID, UnitPrice, UNITPRICEDISCOUNT)
VALUES(71784, 110753, 2, 721, 20.99, 0);

INSERT INTO SALESORDERDETAIL(SalesOrderID, SALESORDERDETAILID, OrderQty, ProductID, UnitPrice, UNITPRICEDISCOUNT)
VALUES(71797, 111049, 5, 726, 29.99, 0);

INSERT INTO SALESORDERDETAIL(SalesOrderID, SALESORDERDETAILID, OrderQty, ProductID, UnitPrice, UNITPRICEDISCOUNT)
VALUES(71797, 111045, 3, 722, 202.33, 0);

INSERT INTO SALESORDERDETAIL(SalesOrderID, SALESORDERDETAILID, OrderQty, ProductID, UnitPrice, UNITPRICEDISCOUNT)
VALUES(71797, 111044, 1, 738, 202.33, 0);

INSERT INTO SALESORDERDETAIL(SalesOrderID, SALESORDERDETAILID, OrderQty, ProductID, UnitPrice, UNITPRICEDISCOUNT)
VALUES(71797, 111048, 4, 725, 29.99, 0);

INSERT INTO SALESORDERDETAIL(SalesOrderID, SALESORDERDETAILID, OrderQty, ProductID, UnitPrice, UNITPRICEDISCOUNT)
VALUES(71797, 111079, 2, 717, 858.9, 0);

INSERT INTO SALESORDERDETAIL(SalesOrderID, SALESORDERDETAILID, OrderQty, ProductID, UnitPrice, UNITPRICEDISCOUNT)
VALUES(71797, 111047, 1, 718, 858.9, 0);

INSERT INTO SALESORDERDETAIL(SalesOrderID, SALESORDERDETAILID, OrderQty, ProductID, UnitPrice, UNITPRICEDISCOUNT)
VALUES(71797, 111038, 4, 721, 20.99, 0);

INSERT INTO SALESORDERDETAIL(SalesOrderID, SALESORDERDETAILID, OrderQty, ProductID, UnitPrice, UNITPRICEDISCOUNT)
VALUES(71797, 111075, 6, 727, 20.99, 0);

INSERT INTO SALESORDERDETAIL(SalesOrderID, SALESORDERDETAILID, OrderQty, ProductID, UnitPrice, UNITPRICEDISCOUNT)
VALUES(71797, 111040, 1, 724, 29.99, 0);

INSERT INTO SALESORDERDETAIL(SalesOrderID, SALESORDERDETAILID, OrderQty, ProductID, UnitPrice, UNITPRICEDISCOUNT)
VALUES(71797, 111053, 6, 712, 5.39, 0);

INSERT INTO SALESORDERDETAIL(SalesOrderID, SALESORDERDETAILID, OrderQty, ProductID, UnitPrice, UNITPRICEDISCOUNT)
VALUES(71797, 111082, 12, 728, 20.29, 0.02);

INSERT INTO SALESORDERDETAIL(SalesOrderID, SALESORDERDETAILID, OrderQty, ProductID, UnitPrice, UNITPRICEDISCOUNT)
VALUES(71898, 111451, 1, 738, 202.33, 0);

INSERT INTO SALESORDERDETAIL(SalesOrderID, SALESORDERDETAILID, OrderQty, ProductID, UnitPrice, UNITPRICEDISCOUNT)
VALUES(71899, 111457, 4, 712, 5.39, 0);

INSERT INTO SALESORDERDETAIL(SalesOrderID, SALESORDERDETAILID, OrderQty, ProductID, UnitPrice, UNITPRICEDISCOUNT)
VALUES(71899, 111456, 2, 725, 29.99, 0);

INSERT INTO SALESORDERDETAIL(SalesOrderID, SALESORDERDETAILID, OrderQty, ProductID, UnitPrice, UNITPRICEDISCOUNT)
VALUES(71902, 111808, 1, 748, 818.7, 0);

INSERT INTO SALESORDERDETAIL(SalesOrderID, SALESORDERDETAILID, OrderQty, ProductID, UnitPrice, UNITPRICEDISCOUNT)
VALUES(71902, 111806, 4, 743, 809.76, 0);

INSERT INTO SALESORDERDETAIL(SalesOrderID, SALESORDERDETAILID, OrderQty, ProductID, UnitPrice, UNITPRICEDISCOUNT)
VALUES(71915, 112127, 1, 748, 818.7, 0);

INSERT INTO SALESORDERDETAIL(SalesOrderID, SALESORDERDETAILID, OrderQty, ProductID, UnitPrice, UNITPRICEDISCOUNT)
VALUES(71915, 112121, 3, 742, 818.7, 0);

INSERT INTO SALESORDERDETAIL(SalesOrderID, SALESORDERDETAILID, OrderQty, ProductID, UnitPrice, UNITPRICEDISCOUNT)
VALUES(71915, 112137, 2, 743, 809.76, 0);

INSERT INTO SALESORDERDETAIL(SalesOrderID, SALESORDERDETAILID, OrderQty, ProductID, UnitPrice, UNITPRICEDISCOUNT)
VALUES(71915, 112134, 3, 747, 809.76, 0);

INSERT INTO SALESORDERDETAIL(SalesOrderID, SALESORDERDETAILID, OrderQty, ProductID, UnitPrice, UNITPRICEDISCOUNT)
VALUES(71915, 112138, 2, 725, 29.99, 0);

INSERT INTO SALESORDERDETAIL(SalesOrderID, SALESORDERDETAILID, OrderQty, ProductID, UnitPrice, UNITPRICEDISCOUNT)
VALUES(71915, 112150, 1, 739, 818.7, 0);

INSERT INTO SALESORDERDETAIL(SalesOrderID, SALESORDERDETAILID, OrderQty, ProductID, UnitPrice, UNITPRICEDISCOUNT)
VALUES(71938, 112362, 2, 712, 29.99, 0);

INSERT INTO SALESORDERDETAIL(SalesOrderID, SALESORDERDETAILID, OrderQty, ProductID, UnitPrice, UNITPRICEDISCOUNT)
VALUES(71938, 112375, 3, 712, 5.39, 0);

INSERT INTO SALESORDERDETAIL(SalesOrderID, SALESORDERDETAILID, OrderQty, ProductID, UnitPrice, UNITPRICEDISCOUNT)
VALUES(71938, 112395, 1, 721, 20.99, 0);